idpedido;cliente;importe;iva;total;pais
10248;WILMK;32,38;6,80;39,18;Finlandia
10249;TOMSP;11,61;2,44;14,05;Alemania
10250;HANAR;65,83;13,82;79,65;Brasil
10251;VICTE;41,34;8,68;50,02;Francia
10252;SUPRD;51,30;10,77;62,07;Belgica
10253;HANAR;58,17;12,22;70,39;Brasil
10254;CHOPS;22,98;4,83;27,81;Suiza
10255;RICSU;148,33;31,15;179,48;Suiza
10256;WELLI;13,97;2,93;16,90;Brasil
10257;HILAA;81,91;17,20;99,11;Venezuela
10258;ERNSH;140,51;29,51;170,02;Austria
10259;CENTC;3,25;0,68;3,93;Mexico
10260;OTTIK;55,09;11,57;66,66;Alemania
10261;QUEDE;3,05;0,64;3,69;Brasil
10262;RATTC;48,29;10,14;58,43;Estados Unidos
10263;ERNSH;146,06;30,67;176,73;Austria
10264;FOLKO;3,67;0,77;4,44;Suecia
10265;BLONP;55,28;11,61;66,89;Francia
10266;WARTH;25,73;5,40;31,13;Finlandia
10267;FRANK;208,58;43,80;252,38;Alemania
10268;GROSR;66,29;13,92;80,21;Venezuela
10269;WHITC;4,56;0,96;5,52;Estados Unidos
10270;WARTH;136,54;28,67;165,21;Finlandia
10271;SPLIR;4,54;0,95;5,49;Estados Unidos
10272;RATTC;98,03;20,59;118,62;Estados Unidos
10273;QUICK;76,07;15,97;92,04;Alemania
10274;VINET;6,01;1,26;7,27;Francia
10275;MAGAA;26,93;5,66;32,59;Italia
10276;TORTU;13,84;2,91;16,75;Mexico
10277;MORGK;125,77;26,41;152,18;Alemania
10278;BERGS;92,69;19,46;112,15;Suecia
10279;LEHMS;25,83;5,42;31,25;Alemania
10280;BERGS;8,98;1,89;10,87;Suecia
10281;ROMEY;2,94;0,62;3,56;Espanya
10282;ROMEY;12,69;2,66;15,35;Espanya
10283;LILAS;84,81;17,81;102,62;Venezuela
10284;LEHMS;76,56;16,08;92,64;Alemania
10285;QUICK;76,83;16,13;92,96;Alemania
10286;QUICK;229,24;48,14;277,38;Alemania
10287;RICAR;12,76;2,68;15,44;Brasil
10288;REGGC;7,45;1,56;9,01;Italia
10289;BSBEV;22,77;4,78;27,55;Reino Unido
10290;COMMI;79,70;16,74;96,44;Brasil
10291;QUEDE;6,40;1,34;7,74;Brasil
10292;TRADH;1,35;0,28;1,63;Brasil
10293;TORTU;21,18;4,45;25,63;Mexico
10294;RATTC;147,26;30,92;178,18;Estados Unidos
10295;VINET;1,15;0,24;1,39;Francia
10296;LILAS;0,12;0,03;0,15;Venezuela
10297;BLONP;5,74;1,21;6,95;Francia
10298;HUNGO;168,22;35,33;203,55;Irlanda
10299;RICAR;29,76;6,25;36,01;Brasil
10300;MAGAA;17,68;3,71;21,39;Italia
10301;WANDK;45,08;9,47;54,55;Alemania
10302;SUPRD;6,27;1,32;7,59;Belgica
10303;GODOS;107,83;22,64;130,47;Espanya
10304;TORTU;63,79;13,40;77,19;Mexico
10305;OLDWO;257,62;54,10;311,72;Estados Unidos
10306;ROMEY;7,56;1,59;9,15;Espanya
10307;LONEP;0,56;0,12;0,68;Estados Unidos
10308;ANATR;1,61;0,34;1,95;Mexico
10309;HUNGO;47,30;9,93;57,23;Irlanda
10310;THEBI;17,52;3,68;21,20;Estados Unidos
10311;DUMON;24,69;5,18;29,87;Francia
10312;WANDK;40,26;8,45;48,71;Alemania
10313;QUICK;1,96;0,41;2,37;Alemania
10314;RATTC;74,16;15,57;89,73;Estados Unidos
10315;ISLAT;41,76;8,77;50,53;Reino Unido
10316;RATTC;150,15;31,53;181,68;Estados Unidos
10317;LONEP;12,69;2,66;15,35;Estados Unidos
10318;ISLAT;4,73;0,99;5,72;Reino Unido
10319;TORTU;64,50;13,54;78,04;Mexico
10320;WARTH;34,57;7,26;41,83;Finlandia
10321;ISLAT;3,43;0,72;4,15;Reino Unido
10322;PERIC;0,40;0,08;0,48;Mexico
10323;KOENE;4,88;1,02;5,90;Alemania
10324;SAVEA;214,27;45,00;259,27;Estados Unidos
10325;KOENE;64,86;13,62;78,48;Alemania
10326;BOLID;77,92;16,36;94,28;Espanya
10327;FOLKO;63,36;13,31;76,67;Suecia
10328;FURIB;87,03;18,28;105,31;Portugal
10329;SPLIR;191,67;40,25;231,92;Estados Unidos
10330;LILAS;12,75;2,68;15,43;Venezuela
10331;BONAP;10,19;2,14;12,33;Francia
10332;MEREP;52,84;11,10;63,94;Canada
10333;WARTH;0,59;0,12;0,71;Finlandia
10334;VICTE;8,56;1,80;10,36;Francia
10335;HUNGO;42,11;8,84;50,95;Irlanda
10336;PRINI;15,51;3,26;18,77;Portugal
10337;FRANK;108,26;22,73;130,99;Alemania
10338;OLDWO;84,21;17,68;101,89;Estados Unidos
10339;MEREP;15,66;3,29;18,95;Canada
10340;BONAP;166,31;34,93;201,24;Francia
10341;SIMOB;26,78;5,62;32,40;Dinamarca
10342;FRANK;54,83;11,51;66,34;Alemania
10343;LEHMS;110,37;23,18;133,55;Alemania
10344;WHITC;23,29;4,89;28,18;Estados Unidos
10345;QUICK;249,06;52,30;301,36;Alemania
10346;RATTC;142,08;29,84;171,92;Estados Unidos
10347;FAMIA;3,10;0,65;3,75;Brasil
10348;WANDK;0,78;0,16;0,94;Alemania
10349;SPLIR;8,63;1,81;10,44;Estados Unidos
10350;LAMAI;64,19;13,48;77,67;Francia
10351;ERNSH;162,33;34,09;196,42;Austria
10352;FURIB;1,30;0,27;1,57;Portugal
10353;PICCO;360,63;75,73;436,36;Austria
10354;PERIC;53,80;11,30;65,10;Mexico
10355;AROUT;41,95;8,81;50,76;Reino Unido
10356;WANDK;36,71;7,71;44,42;Alemania
10357;LILAS;34,88;7,32;42,20;Venezuela
10358;LAMAI;19,64;4,12;23,76;Francia
10359;SEVES;288,43;60,57;349,00;Reino Unido
10360;BLONP;131,70;27,66;159,36;Francia
10361;QUICK;183,17;38,47;221,64;Alemania
10362;BONAP;96,04;20,17;116,21;Francia
10363;DRACD;30,54;6,41;36,95;Alemania
10364;EASTC;71,97;15,11;87,08;Reino Unido
10365;ANTON;22,00;4,62;26,62;Mexico
10366;GALED;10,14;2,13;12,27;Espanya
10367;VAFFE;13,55;2,85;16,40;Dinamarca
10368;ERNSH;101,95;21,41;123,36;Austria
10369;SPLIR;195,68;41,09;236,77;Estados Unidos
10370;CHOPS;1,17;0,25;1,42;Suiza
10371;LAMAI;0,45;0,09;0,54;Francia
10372;QUEEN;890,78;187,06;1077,84;Brasil
10373;HUNGO;124,12;26,07;150,19;Irlanda
10374;WOLZA;3,94;0,83;4,77;Polonia
10375;HUNGC;20,12;4,23;24,35;Estados Unidos
10376;MEREP;20,39;4,28;24,67;Canada
10377;SEVES;22,21;4,66;26,87;Reino Unido
10378;FOLKO;5,44;1,14;6,58;Suecia
10379;QUEDE;45,03;9,46;54,49;Brasil
10380;HUNGO;35,03;7,36;42,39;Irlanda
10381;LILAS;7,99;1,68;9,67;Venezuela
10382;ERNSH;94,77;19,90;114,67;Austria
10383;AROUT;34,24;7,19;41,43;Reino Unido
10384;BERGS;168,64;35,41;204,05;Suecia
10385;SPLIR;30,96;6,50;37,46;Estados Unidos
10386;FAMIA;13,99;2,94;16,93;Brasil
10387;SANTG;93,63;19,66;113,29;Noruega
10388;SEVES;34,86;7,32;42,18;Reino Unido
10389;BOTTM;47,42;9,96;57,38;Canada
10390;ERNSH;126,38;26,54;152,92;Austria
10391;DRACD;5,45;1,14;6,59;Alemania
10392;PICCO;122,46;25,72;148,18;Austria
10393;SAVEA;126,56;26,58;153,14;Estados Unidos
10394;HUNGC;30,34;6,37;36,71;Estados Unidos
10395;HILAA;184,41;38,73;223,14;Venezuela
10396;FRANK;135,35;28,42;163,77;Alemania
10397;PRINI;60,26;12,65;72,91;Portugal
10398;SAVEA;89,16;18,72;107,88;Estados Unidos
10399;VAFFE;27,36;5,75;33,11;Dinamarca
10400;EASTC;83,93;17,63;101,56;Reino Unido
10401;RATTC;12,51;2,63;15,14;Estados Unidos
10402;ERNSH;67,88;14,25;82,13;Austria
10403;ERNSH;73,79;15,50;89,29;Austria
10404;MAGAA;155,97;32,75;188,72;Italia
10405;LINOD;34,82;7,31;42,13;Venezuela
10406;QUEEN;108,04;22,69;130,73;Brasil
10407;OTTIK;91,48;19,21;110,69;Alemania
10408;FOLIG;11,26;2,36;13,62;Francia
10409;OCEAN;29,83;6,26;36,09;Argentina
10410;BOTTM;2,40;0,50;2,90;Canada
10411;BOTTM;23,65;4,97;28,62;Canada
10412;WARTH;3,77;0,79;4,56;Finlandia
10413;LAMAI;95,66;20,09;115,75;Francia
10414;FAMIA;21,48;4,51;25,99;Brasil
10415;HUNGC;0,20;0,04;0,24;Estados Unidos
10416;WARTH;22,72;4,77;27,49;Finlandia
10417;SIMOB;70,29;14,76;85,05;Dinamarca
10418;QUICK;17,55;3,69;21,24;Alemania
10419;RICSU;137,35;28,84;166,19;Suiza
10420;WELLI;44,12;9,27;53,39;Brasil
10421;QUEDE;99,23;20,84;120,07;Brasil
10422;FRANS;3,02;0,63;3,65;Italia
10423;GOURL;24,50;5,14;29,64;Brasil
10424;MEREP;370,61;77,83;448,44;Canada
10425;LAMAI;7,93;1,67;9,60;Francia
10426;GALED;18,69;3,92;22,61;Espanya
10427;PICCO;31,29;6,57;37,86;Austria
10428;REGGC;11,09;2,33;13,42;Italia
10429;HUNGO;56,63;11,89;68,52;Irlanda
10430;ERNSH;458,78;96,34;555,12;Austria
10431;BOTTM;44,17;9,28;53,45;Canada
10432;SPLIR;4,34;0,91;5,25;Estados Unidos
10433;PRINI;73,83;15,50;89,33;Portugal
10434;FOLKO;17,92;3,76;21,68;Suecia
10435;CONSH;9,21;1,93;11,14;Reino Unido
10436;BLONP;156,66;32,90;189,56;Francia
10437;WARTH;19,97;4,19;24,16;Finlandia
10438;TOMSP;8,24;1,73;9,97;Alemania
10439;MEREP;4,07;0,85;4,92;Canada
10440;SAVEA;86,53;18,17;104,70;Estados Unidos
10441;OLDWO;73,02;15,33;88,35;Estados Unidos
10442;ERNSH;47,94;10,07;58,01;Austria
10443;REGGC;13,95;2,93;16,88;Italia
10444;BERGS;3,50;0,74;4,24;Suecia
10445;BERGS;9,30;1,95;11,25;Suecia
10446;TOMSP;14,68;3,08;17,76;Alemania
10447;RICAR;68,66;14,42;83,08;Brasil
10448;RANCH;38,82;8,15;46,97;Argentina
10449;BLONP;53,30;11,19;64,49;Francia
10450;VICTE;7,23;1,52;8,75;Francia
10451;QUICK;189,09;39,71;228,80;Alemania
10452;SAVEA;140,26;29,45;169,71;Estados Unidos
10453;AROUT;25,36;5,33;30,69;Reino Unido
10454;LAMAI;2,74;0,58;3,32;Francia
10455;WARTH;180,45;37,89;218,34;Finlandia
10456;KOENE;8,12;1,71;9,83;Alemania
10457;KOENE;11,57;2,43;14,00;Alemania
10458;SUPRD;147,06;30,88;177,94;Belgica
10459;VICTE;25,09;5,27;30,36;Francia
10460;FOLKO;16,27;3,42;19,69;Suecia
10461;LILAS;148,61;31,21;179,82;Venezuela
10462;CONSH;6,17;1,30;7,47;Reino Unido
10463;SUPRD;14,78;3,10;17,88;Belgica
10464;FURIB;89,00;18,69;107,69;Portugal
10465;VAFFE;145,04;30,46;175,50;Dinamarca
10466;COMMI;11,93;2,51;14,44;Brasil
10467;MAGAA;4,93;1,04;5,97;Italia
10468;KOENE;44,12;9,27;53,39;Alemania
10469;WHITC;60,18;12,64;72,82;Estados Unidos
10470;BONAP;64,56;13,56;78,12;Francia
10471;BSBEV;45,59;9,57;55,16;Reino Unido
10472;SEVES;4,20;0,88;5,08;Reino Unido
10473;ISLAT;16,37;3,44;19,81;Reino Unido
10474;PERIC;83,49;17,53;101,02;Mexico
10475;SUPRD;68,52;14,39;82,91;Belgica
10476;HILAA;4,41;0,93;5,34;Venezuela
10477;PRINI;13,02;2,73;15,75;Portugal
10478;VICTE;4,81;1,01;5,82;Francia
10479;RATTC;708,95;148,88;857,83;Estados Unidos
10480;FOLIG;1,35;0,28;1,63;Francia
10481;RICAR;64,33;13,51;77,84;Brasil
10482;LAZYK;7,48;1,57;9,05;Estados Unidos
10483;WHITC;15,28;3,21;18,49;Estados Unidos
10484;BSBEV;6,88;1,44;8,32;Reino Unido
10485;LINOD;64,45;13,53;77,98;Venezuela
10486;HILAA;30,53;6,41;36,94;Venezuela
10487;QUEEN;71,07;14,92;85,99;Brasil
10488;FRANK;4,93;1,04;5,97;Alemania
10489;PICCO;5,29;1,11;6,40;Austria
10490;HILAA;210,19;44,14;254,33;Venezuela
10491;FURIB;16,96;3,56;20,52;Portugal
10492;BOTTM;62,89;13,21;76,10;Canada
10493;LAMAI;10,64;2,23;12,87;Francia
10494;COMMI;65,99;13,86;79,85;Brasil
10495;LAUGB;4,65;0,98;5,63;Canada
10496;TRADH;46,77;9,82;56,59;Brasil
10497;LEHMS;36,21;7,60;43,81;Alemania
10498;HILAA;29,75;6,25;36,00;Venezuela
10499;LILAS;102,02;21,42;123,44;Venezuela
10500;LAMAI;42,68;8,96;51,64;Francia
10501;BLAUS;8,85;1,86;10,71;Alemania
10502;PERIC;69,32;14,56;83,88;Mexico
10503;HUNGO;16,74;3,52;20,26;Irlanda
10504;WHITC;59,13;12,42;71,55;Estados Unidos
10505;MEREP;7,13;1,50;8,63;Canada
10506;KOENE;21,19;4,45;25,64;Alemania
10507;ANTON;47,45;9,96;57,41;Mexico
10508;OTTIK;4,99;1,05;6,04;Alemania
10509;BLAUS;0,15;0,03;0,18;Alemania
10510;SAVEA;367,63;77,20;444,83;Estados Unidos
10511;BONAP;350,64;73,63;424,27;Francia
10512;FAMIA;3,53;0,74;4,27;Brasil
10513;WANDK;105,65;22,19;127,84;Alemania
10514;ERNSH;789,95;165,89;955,84;Austria
10515;QUICK;204,47;42,94;247,41;Alemania
10516;HUNGO;62,78;13,18;75,96;Irlanda
10517;NORTS;32,07;6,73;38,80;Reino Unido
10518;TORTU;218,15;45,81;263,96;Mexico
10519;CHOPS;91,76;19,27;111,03;Suiza
10520;SANTG;13,37;2,81;16,18;Noruega
10521;CACTU;17,22;3,62;20,84;Argentina
10522;LEHMS;45,33;9,52;54,85;Alemania
10523;SEVES;77,63;16,30;93,93;Reino Unido
10524;BERGS;244,79;51,41;296,20;Suecia
10525;BONAP;11,06;2,32;13,38;Francia
10526;WARTH;58,59;12,30;70,89;Finlandia
10527;QUICK;41,90;8,80;50,70;Alemania
10528;GREAL;3,35;0,70;4,05;Estados Unidos
10529;MAISD;66,69;14,00;80,69;Belgica
10530;PICCO;339,22;71,24;410,46;Austria
10531;OCEAN;8,12;1,71;9,83;Argentina
10532;EASTC;74,46;15,64;90,10;Reino Unido
10533;FOLKO;188,04;39,49;227,53;Suecia
10534;LEHMS;27,94;5,87;33,81;Alemania
10535;ANTON;15,64;3,28;18,92;Mexico
10536;LEHMS;58,88;12,36;71,24;Alemania
10537;RICSU;78,85;16,56;95,41;Suiza
10538;BSBEV;4,87;1,02;5,89;Reino Unido
10539;BSBEV;12,36;2,60;14,96;Reino Unido
10540;QUICK;1007,64;211,60;1219,24;Alemania
10541;HANAR;68,65;14,42;83,07;Brasil
10542;KOENE;10,95;2,30;13,25;Alemania
10543;LILAS;48,17;10,12;58,29;Venezuela
10544;LONEP;24,91;5,23;30,14;Estados Unidos
10545;LAZYK;11,92;2,50;14,42;Estados Unidos
10546;VICTE;194,72;40,89;235,61;Francia
10547;SEVES;178,43;37,47;215,90;Reino Unido
10548;TOMSP;1,43;0,30;1,73;Alemania
10549;QUICK;171,24;35,96;207,20;Alemania
10550;GODOS;4,32;0,91;5,23;Espanya
10551;FURIB;72,95;15,32;88,27;Portugal
10552;HILAA;83,22;17,48;100,70;Venezuela
10553;WARTH;149,49;31,39;180,88;Finlandia
10554;OTTIK;120,97;25,40;146,37;Alemania
10555;SAVEA;252,49;53,02;305,51;Estados Unidos
10556;SIMOB;9,80;2,06;11,86;Dinamarca
10557;LEHMS;96,72;20,31;117,03;Alemania
10558;AROUT;72,97;15,32;88,29;Reino Unido
10559;BLONP;8,05;1,69;9,74;Francia
10560;FRANK;36,65;7,70;44,35;Alemania
10561;FOLKO;242,21;50,86;293,07;Suecia
10562;REGGC;22,95;4,82;27,77;Italia
10563;RICAR;60,43;12,69;73,12;Brasil
10564;RATTC;13,75;2,89;16,64;Estados Unidos
10565;MEREP;7,15;1,50;8,65;Canada
10566;BLONP;88,40;18,56;106,96;Francia
10567;HUNGO;33,97;7,13;41,10;Irlanda
10568;GALED;6,54;1,37;7,91;Espanya
10569;RATTC;58,98;12,39;71,37;Estados Unidos
10570;MEREP;188,99;39,69;228,68;Canada
10571;ERNSH;26,06;5,47;31,53;Austria
10572;BERGS;116,43;24,45;140,88;Suecia
10573;ANTON;84,84;17,82;102,66;Mexico
10574;TRAIH;37,60;7,90;45,50;Estados Unidos
10575;MORGK;127,34;26,74;154,08;Alemania
10576;TORTU;18,56;3,90;22,46;Mexico
10577;TRAIH;25,41;5,34;30,75;Estados Unidos
10578;BSBEV;29,60;6,22;35,82;Reino Unido
10579;LETSS;13,73;2,88;16,61;Estados Unidos
10580;OTTIK;75,89;15,94;91,83;Alemania
10581;FAMIA;3,01;0,63;3,64;Brasil
10582;BLAUS;27,71;5,82;33,53;Alemania
10583;WARTH;7,28;1,53;8,81;Finlandia
10584;BLONP;59,14;12,42;71,56;Francia
10585;WELLI;13,41;2,82;16,23;Brasil
10586;REGGC;0,48;0,10;0,58;Italia
10587;QUEDE;62,52;13,13;75,65;Brasil
10588;QUICK;194,67;40,88;235,55;Alemania
10589;GREAL;4,42;0,93;5,35;Estados Unidos
10590;MEREP;44,77;9,40;54,17;Canada
10591;VAFFE;55,92;11,74;67,66;Dinamarca
10592;LEHMS;32,10;6,74;38,84;Alemania
10593;LEHMS;174,20;36,58;210,78;Alemania
10594;OLDWO;5,24;1,10;6,34;Estados Unidos
10595;ERNSH;96,78;20,32;117,10;Austria
10596;WHITC;16,34;3,43;19,77;Estados Unidos
10597;PICCO;35,12;7,38;42,50;Austria
10598;RATTC;44,42;9,33;53,75;Estados Unidos
10599;BSBEV;29,98;6,30;36,28;Reino Unido
10600;HUNGC;45,13;9,48;54,61;Estados Unidos
10601;HILAA;58,30;12,24;70,54;Venezuela
10602;VAFFE;2,92;0,61;3,53;Dinamarca
10603;SAVEA;48,77;10,24;59,01;Estados Unidos
10604;FURIB;7,46;1,57;9,03;Portugal
10605;MEREP;379,13;79,62;458,75;Canada
10606;TRADH;79,40;16,67;96,07;Brasil
10607;SAVEA;200,24;42,05;242,29;Estados Unidos
10608;TOMSP;27,79;5,84;33,63;Alemania
10609;DUMON;1,85;0,39;2,24;Francia
10610;LAMAI;26,78;5,62;32,40;Francia
10611;WOLZA;80,65;16,94;97,59;Polonia
10612;SAVEA;544,08;114,26;658,34;Estados Unidos
10613;HILAA;8,11;1,70;9,81;Venezuela
10614;BLAUS;1,93;0,41;2,34;Alemania
10615;WILMK;0,75;0,16;0,91;Finlandia
10616;GREAL;116,53;24,47;141,00;Estados Unidos
10617;GREAL;18,53;3,89;22,42;Estados Unidos
10618;MEREP;154,68;32,48;187,16;Canada
10619;MEREP;91,05;19,12;110,17;Canada
10620;LAUGB;0,94;0,20;1,14;Canada
10621;ISLAT;23,73;4,98;28,71;Reino Unido
10622;RICAR;50,97;10,70;61,67;Brasil
10623;FRANK;97,18;20,41;117,59;Alemania
10624;THECR;94,80;19,91;114,71;Estados Unidos
10625;ANATR;43,90;9,22;53,12;Mexico
10626;BERGS;138,69;29,12;167,81;Suecia
10627;SAVEA;107,46;22,57;130,03;Estados Unidos
10628;BLONP;30,36;6,38;36,74;Francia
10629;GODOS;85,46;17,95;103,41;Espanya
10630;KOENE;32,35;6,79;39,14;Alemania
10631;LAMAI;0,87;0,18;1,05;Francia
10632;WANDK;41,38;8,69;50,07;Alemania
10633;ERNSH;477,90;100,36;578,26;Austria
10634;FOLIG;487,38;102,35;589,73;Francia
10635;MAGAA;47,46;9,97;57,43;Italia
10636;WARTH;1,15;0,24;1,39;Finlandia
10637;QUEEN;201,29;42,27;243,56;Brasil
10638;LINOD;158,44;33,27;191,71;Venezuela
10639;SANTG;38,64;8,11;46,75;Noruega
10640;WANDK;23,55;4,95;28,50;Alemania
10641;HILAA;179,61;37,72;217,33;Venezuela
10642;SIMOB;41,89;8,80;50,69;Dinamarca
10643;ALFKI;29,46;6,19;35,65;Alemania
10644;WELLI;0,14;0,03;0,17;Brasil
10645;HANAR;12,41;2,61;15,02;Brasil
10646;HUNGO;142,33;29,89;172,22;Irlanda
10647;QUEDE;45,54;9,56;55,10;Brasil
10648;RICAR;14,25;2,99;17,24;Brasil
10649;MAISD;6,20;1,30;7,50;Belgica
10650;FAMIA;176,81;37,13;213,94;Brasil
10651;WANDK;20,60;4,33;24,93;Alemania
10652;GOURL;7,14;1,50;8,64;Brasil
10653;FRANK;93,25;19,58;112,83;Alemania
10654;BERGS;55,26;11,60;66,86;Suecia
10655;REGGC;4,41;0,93;5,34;Italia
10656;GREAL;57,15;12,00;69,15;Estados Unidos
10657;SAVEA;352,69;74,06;426,75;Estados Unidos
10658;QUICK;364,15;76,47;440,62;Alemania
10659;QUEEN;105,81;22,22;128,03;Brasil
10660;HUNGC;111,29;23,37;134,66;Estados Unidos
10661;HUNGO;17,55;3,69;21,24;Irlanda
10662;LONEP;1,28;0,27;1,55;Estados Unidos
10663;BONAP;113,15;23,76;136,91;Francia
10664;FURIB;1,27;0,27;1,54;Portugal
10665;LONEP;26,31;5,53;31,84;Estados Unidos
10666;RICSU;232,42;48,81;281,23;Suiza
10667;ERNSH;78,09;16,40;94,49;Austria
10668;WANDK;47,22;9,92;57,14;Alemania
10669;SIMOB;24,39;5,12;29,51;Dinamarca
10670;FRANK;203,48;42,73;246,21;Alemania
10671;FRANR;30,34;6,37;36,71;Francia
10672;BERGS;95,75;20,11;115,86;Suecia
10673;WILMK;22,76;4,78;27,54;Finlandia
10674;ISLAT;0,90;0,19;1,09;Reino Unido
10675;FRANK;31,85;6,69;38,54;Alemania
10676;TORTU;2,01;0,42;2,43;Mexico
10677;ANTON;4,03;0,85;4,88;Mexico
10678;SAVEA;388,98;81,69;470,67;Estados Unidos
10679;BLONP;27,94;5,87;33,81;Francia
10680;OLDWO;26,61;5,59;32,20;Estados Unidos
10681;GREAL;76,13;15,99;92,12;Estados Unidos
10682;ANTON;36,13;7,59;43,72;Mexico
10683;DUMON;4,40;0,92;5,32;Francia
10684;OTTIK;145,63;30,58;176,21;Alemania
10685;GOURL;33,75;7,09;40,84;Brasil
10686;PICCO;96,50;20,26;116,76;Austria
10687;HUNGO;296,43;62,25;358,68;Irlanda
10688;VAFFE;299,09;62,81;361,90;Dinamarca
10689;BERGS;13,42;2,82;16,24;Suecia
10690;HANAR;15,80;3,32;19,12;Brasil
10691;QUICK;810,05;170,11;980,16;Alemania
10692;ALFKI;61,02;12,81;73,83;Alemania
10693;WHITC;139,34;29,26;168,60;Estados Unidos
10694;QUICK;398,36;83,66;482,02;Alemania
10695;WILMK;16,72;3,51;20,23;Finlandia
10696;WHITC;102,55;21,54;124,09;Estados Unidos
10697;LINOD;45,52;9,56;55,08;Venezuela
10698;ERNSH;272,47;57,22;329,69;Austria
10699;MORGK;0,58;0,12;0,70;Alemania
10700;SAVEA;65,10;13,67;78,77;Estados Unidos
10701;HUNGO;220,31;46,27;266,58;Irlanda
10702;ALFKI;23,94;5,03;28,97;Alemania
10703;FOLKO;152,30;31,98;184,28;Suecia
10704;QUEEN;4,78;1,00;5,78;Brasil
10705;HILAA;3,52;0,74;4,26;Venezuela
10706;OLDWO;135,63;28,48;164,11;Estados Unidos
10707;AROUT;21,74;4,57;26,31;Reino Unido
10708;THEBI;2,96;0,62;3,58;Estados Unidos
10709;GOURL;210,80;44,27;255,07;Brasil
10710;FRANS;4,98;1,05;6,03;Italia
10711;SAVEA;52,41;11,01;63,42;Estados Unidos
10712;HUNGO;89,93;18,89;108,82;Irlanda
10713;SAVEA;167,05;35,08;202,13;Estados Unidos
10714;SAVEA;24,49;5,14;29,63;Estados Unidos
10715;BONAP;63,20;13,27;76,47;Francia
10716;RANCH;22,57;4,74;27,31;Argentina
10717;FRANK;59,25;12,44;71,69;Alemania
10718;KOENE;170,88;35,88;206,76;Alemania
10719;LETSS;51,44;10,80;62,24;Estados Unidos
10720;QUEDE;9,53;2,00;11,53;Brasil
10721;QUICK;48,92;10,27;59,19;Alemania
10722;SAVEA;74,58;15,66;90,24;Estados Unidos
10723;WHITC;21,72;4,56;26,28;Estados Unidos
10724;MEREP;57,75;12,13;69,88;Canada
10725;FAMIA;10,83;2,27;13,10;Brasil
10726;EASTC;16,56;3,48;20,04;Reino Unido
10727;REGGC;89,90;18,88;108,78;Italia
10728;QUEEN;58,33;12,25;70,58;Brasil
10729;LINOD;141,06;29,62;170,68;Venezuela
10730;BONAP;20,12;4,23;24,35;Francia
10731;CHOPS;96,65;20,30;116,95;Suiza
10732;BONAP;16,97;3,56;20,53;Francia
10733;BERGS;110,11;23,12;133,23;Suecia
10734;GOURL;1,63;0,34;1,97;Brasil
10735;LETSS;45,97;9,65;55,62;Estados Unidos
10736;HUNGO;44,10;9,26;53,36;Irlanda
10737;VINET;7,79;1,64;9,43;Francia
10738;SPECD;2,91;0,61;3,52;Francia
10739;VINET;11,08;2,33;13,41;Francia
10740;WHITC;81,88;17,19;99,07;Estados Unidos
10741;BERGS;10,96;2,30;13,26;Suecia
10742;BOTTM;243,73;51,18;294,91;Canada
10743;AROUT;23,72;4,98;28,70;Reino Unido
10744;VAFFE;69,19;14,53;83,72;Dinamarca
10745;QUICK;3,52;0,74;4,26;Alemania
10746;CHOPS;31,43;6,60;38,03;Suiza
10747;PICCO;117,33;24,64;141,97;Austria
10748;SAVEA;232,55;48,84;281,39;Estados Unidos
10749;ISLAT;61,53;12,92;74,45;Reino Unido
10750;WARTH;79,30;16,65;95,95;Finlandia
10751;RICSU;130,79;27,47;158,26;Suiza
10752;NORTS;1,39;0,29;1,68;Reino Unido
10753;FRANS;7,70;1,62;9,32;Italia
10754;MAGAA;2,38;0,50;2,88;Italia
10755;BONAP;16,71;3,51;20,22;Francia
10756;SPLIR;73,21;15,37;88,58;Estados Unidos
10757;SAVEA;8,19;1,72;9,91;Estados Unidos
10758;RICSU;138,17;29,02;167,19;Suiza
10759;ANATR;11,99;2,52;14,51;Mexico
10760;MAISD;155,64;32,68;188,32;Belgica
10761;RATTC;18,66;3,92;22,58;Estados Unidos
10762;FOLKO;328,74;69,04;397,78;Suecia
10763;FOLIG;37,35;7,84;45,19;Francia
10764;ERNSH;145,45;30,54;175,99;Austria
10765;QUICK;42,74;8,98;51,72;Alemania
10766;OTTIK;157,55;33,09;190,64;Alemania
10767;SUPRD;1,59;0,33;1,92;Belgica
10768;AROUT;146,32;30,73;177,05;Reino Unido
10769;VAFFE;65,06;13,66;78,72;Dinamarca
10770;HANAR;5,32;1,12;6,44;Brasil
10771;ERNSH;11,19;2,35;13,54;Austria
10772;LEHMS;91,28;19,17;110,45;Alemania
10773;ERNSH;96,43;20,25;116,68;Austria
10774;FOLKO;48,20;10,12;58,32;Suecia
10775;THECR;20,25;4,25;24,50;Estados Unidos
10776;ERNSH;351,53;73,82;425,35;Austria
10777;GOURL;3,01;0,63;3,64;Brasil
10778;BERGS;6,79;1,43;8,22;Suecia
10779;MORGK;58,13;12,21;70,34;Alemania
10780;LILAS;42,13;8,85;50,98;Venezuela
10781;WARTH;73,16;15,36;88,52;Finlandia
10782;CACTU;1,10;0,23;1,33;Argentina
10783;HANAR;124,98;26,25;151,23;Brasil
10784;MAGAA;70,09;14,72;84,81;Italia
10785;GROSR;1,51;0,32;1,83;Venezuela
10786;QUEEN;110,87;23,28;134,15;Brasil
10787;LAMAI;249,93;52,49;302,42;Francia
10788;QUICK;42,70;8,97;51,67;Alemania
10789;FOLIG;100,60;21,13;121,73;Francia
10790;GOURL;28,23;5,93;34,16;Brasil
10791;FRANK;16,85;3,54;20,39;Alemania
10792;WOLZA;23,79;5,00;28,79;Polonia
10793;AROUT;4,52;0,95;5,47;Reino Unido
10794;QUEDE;21,49;4,51;26,00;Brasil
10795;ERNSH;126,66;26,60;153,26;Austria
10796;HILAA;26,52;5,57;32,09;Venezuela
10797;DRACD;33,35;7,00;40,35;Alemania
10798;ISLAT;2,33;0,49;2,82;Reino Unido
10799;KOENE;30,76;6,46;37,22;Alemania
10800;SEVES;137,44;28,86;166,30;Reino Unido
10801;BOLID;97,09;20,39;117,48;Espanya
10802;SIMOB;257,26;54,02;311,28;Dinamarca
10803;WELLI;55,23;11,60;66,83;Brasil
10804;SEVES;27,33;5,74;33,07;Reino Unido
10805;THEBI;237,34;49,84;287,18;Estados Unidos
10806;VICTE;22,11;4,64;26,75;Francia
10807;FRANS;1,36;0,29;1,65;Italia
10808;OLDWO;45,53;9,56;55,09;Estados Unidos
10809;WELLI;4,87;1,02;5,89;Brasil
10810;LAUGB;4,33;0,91;5,24;Canada
10811;LINOD;31,22;6,56;37,78;Venezuela
10812;REGGC;59,78;12,55;72,33;Italia
10813;RICAR;47,38;9,95;57,33;Brasil
10814;VICTE;130,94;27,50;158,44;Francia
10815;SAVEA;14,62;3,07;17,69;Estados Unidos
10816;GREAL;719,78;151,15;870,93;Estados Unidos
10817;KOENE;306,07;64,27;370,34;Alemania
10818;MAGAA;65,48;13,75;79,23;Italia
10819;CACTU;19,76;4,15;23,91;Argentina
10820;RATTC;37,52;7,88;45,40;Estados Unidos
10821;SPLIR;36,68;7,70;44,38;Estados Unidos
10822;TRAIH;7,00;1,47;8,47;Estados Unidos
10823;LILAS;163,97;34,43;198,40;Venezuela
10824;FOLKO;1,23;0,26;1,49;Suecia
10825;DRACD;79,25;16,64;95,89;Alemania
10826;BLONP;7,09;1,49;8,58;Francia
10827;BONAP;63,54;13,34;76,88;Francia
10828;RANCH;90,85;19,08;109,93;Argentina
10829;ISLAT;154,72;32,49;187,21;Reino Unido
10830;TRADH;81,83;17,18;99,01;Brasil
10831;SANTG;72,19;15,16;87,35;Noruega
10832;LAMAI;43,26;9,08;52,34;Francia
10833;OTTIK;71,49;15,01;86,50;Alemania
10834;TRADH;29,78;6,25;36,03;Brasil
10835;ALFKI;69,53;14,60;84,13;Alemania
10836;ERNSH;411,88;86,49;498,37;Austria
10837;BERGS;13,32;2,80;16,12;Suecia
10838;LINOD;59,28;12,45;71,73;Venezuela
10839;TRADH;35,43;7,44;42,87;Brasil
10840;LINOD;2,71;0,57;3,28;Venezuela
10841;SUPRD;424,30;89,10;513,40;Belgica
10842;TORTU;54,42;11,43;65,85;Mexico
10843;VICTE;9,26;1,94;11,20;Francia
10844;PICCO;25,22;5,30;30,52;Austria
10845;QUICK;212,98;44,73;257,71;Alemania
10846;SUPRD;56,46;11,86;68,32;Belgica
10847;SAVEA;487,57;102,39;589,96;Estados Unidos
10848;CONSH;38,24;8,03;46,27;Reino Unido
10849;KOENE;0,56;0,12;0,68;Alemania
10850;VICTE;49,19;10,33;59,52;Francia
10851;RICAR;160,55;33,72;194,27;Brasil
10852;RATTC;174,05;36,55;210,60;Estados Unidos
10853;BLAUS;53,83;11,30;65,13;Alemania
10854;ERNSH;100,22;21,05;121,27;Austria
10855;OLDWO;170,97;35,90;206,87;Estados Unidos
10856;ANTON;58,43;12,27;70,70;Mexico
10857;BERGS;188,85;39,66;228,51;Suecia
10858;LACOR;52,51;11,03;63,54;Francia
10859;FRANK;76,10;15,98;92,08;Alemania
10860;FRANR;19,26;4,04;23,30;Francia
10861;WHITC;14,93;3,14;18,07;Estados Unidos
10862;LEHMS;53,23;11,18;64,41;Alemania
10863;HILAA;30,26;6,35;36,61;Venezuela
10864;AROUT;3,04;0,64;3,68;Reino Unido
10865;QUICK;348,14;73,11;421,25;Alemania
10866;BERGS;109,11;22,91;132,02;Suecia
10867;LONEP;1,93;0,41;2,34;Estados Unidos
10868;QUEEN;191,27;40,17;231,44;Brasil
10869;SEVES;143,28;30,09;173,37;Reino Unido
10870;WHITC;12,04;2,53;14,57;Estados Unidos
10871;BONAP;112,27;23,58;135,85;Francia
10872;GODOS;175,32;36,82;212,14;Espanya
10873;WILMK;0,82;0,17;0,99;Finlandia
10874;GODOS;19,58;4,11;23,69;Espanya
10875;BERGS;32,37;6,80;39,17;Suecia
10876;BONAP;60,42;12,69;73,11;Francia
10877;RICAR;38,06;7,99;46,05;Brasil
10878;QUICK;46,69;9,80;56,49;Alemania
10879;WILMK;8,50;1,78;10,28;Finlandia
10880;FOLKO;88,01;18,48;106,49;Suecia
10881;CACTU;2,84;0,60;3,44;Argentina
10882;SAVEA;23,10;4,85;27,95;Estados Unidos
10883;LONEP;0,53;0,11;0,64;Estados Unidos
10884;LETSS;90,97;19,10;110,07;Estados Unidos
10885;SUPRD;5,64;1,18;6,82;Belgica
10886;HANAR;4,99;1,05;6,04;Brasil
10887;GALED;1,25;0,26;1,51;Espanya
10888;GODOS;51,87;10,89;62,76;Espanya
10889;RATTC;280,61;58,93;339,54;Estados Unidos
10890;DUMON;32,76;6,88;39,64;Francia
10891;LEHMS;20,37;4,28;24,65;Alemania
10892;MAISD;120,27;25,26;145,53;Belgica
10893;KOENE;77,78;16,33;94,11;Alemania
10894;SAVEA;116,13;24,39;140,52;Estados Unidos
10895;ERNSH;162,75;34,18;196,93;Austria
10896;MAISD;32,45;6,81;39,26;Belgica
10897;HUNGO;603,54;126,74;730,28;Irlanda
10898;OCEAN;1,27;0,27;1,54;Argentina
10899;LILAS;1,21;0,25;1,46;Venezuela
10900;WELLI;1,66;0,35;2,01;Brasil
10901;HILAA;62,09;13,04;75,13;Venezuela
10902;FOLKO;44,15;9,27;53,42;Suecia
10903;HANAR;36,71;7,71;44,42;Brasil
10904;WHITC;162,95;34,22;197,17;Estados Unidos
10905;WELLI;13,72;2,88;16,60;Brasil
10906;WOLZA;26,29;5,52;31,81;Polonia
10907;SPECD;9,19;1,93;11,12;Francia
10908;REGGC;32,96;6,92;39,88;Italia
10909;SANTG;53,05;11,14;64,19;Noruega
10910;WILMK;38,11;8,00;46,11;Finlandia
10911;GODOS;38,19;8,02;46,21;Espanya
10912;HUNGO;580,91;121,99;702,90;Irlanda
10913;QUEEN;33,05;6,94;39,99;Brasil
10914;QUEEN;21,19;4,45;25,64;Brasil
10915;TORTU;3,51;0,74;4,25;Mexico
10916;RANCH;63,77;13,39;77,16;Argentina
10917;ROMEY;8,29;1,74;10,03;Espanya
10918;BOTTM;48,83;10,25;59,08;Canada
10919;LINOD;19,80;4,16;23,96;Venezuela
10920;AROUT;29,61;6,22;35,83;Reino Unido
10921;VAFFE;176,48;37,06;213,54;Dinamarca
10922;HANAR;62,74;13,18;75,92;Brasil
10923;LAMAI;68,26;14,33;82,59;Francia
10924;BERGS;151,52;31,82;183,34;Suecia
10925;HANAR;2,27;0,48;2,75;Brasil
10926;ANATR;39,92;8,38;48,30;Mexico
10927;LACOR;19,79;4,16;23,95;Francia
10928;GALED;1,36;0,29;1,65;Espanya
10929;FRANK;33,93;7,13;41,06;Alemania
10930;SUPRD;15,55;3,27;18,82;Belgica
10931;RICSU;13,60;2,86;16,46;Suiza
10932;BONAP;134,64;28,27;162,91;Francia
10933;ISLAT;54,15;11,37;65,52;Reino Unido
10934;LEHMS;32,01;6,72;38,73;Alemania
10935;WELLI;47,59;9,99;57,58;Brasil
10936;GREAL;33,68;7,07;40,75;Estados Unidos
10937;CACTU;31,51;6,62;38,13;Argentina
10938;QUICK;31,89;6,70;38,59;Alemania
10939;MAGAA;76,33;16,03;92,36;Italia
10940;BONAP;19,77;4,15;23,92;Francia
10941;SAVEA;400,81;84,17;484,98;Estados Unidos
10942;REGGC;17,95;3,77;21,72;Italia
10943;BSBEV;2,17;0,46;2,63;Reino Unido
10944;BOTTM;52,92;11,11;64,03;Canada
10945;MORGK;10,22;2,15;12,37;Alemania
10946;VAFFE;27,20;5,71;32,91;Dinamarca
10947;BSBEV;3,26;0,68;3,94;Reino Unido
10948;GODOS;23,39;4,91;28,30;Espanya
10949;BOTTM;74,44;15,63;90,07;Canada
10950;MAGAA;2,50;0,52;3,02;Italia
10951;RICSU;30,85;6,48;37,33;Suiza
10952;ALFKI;40,42;8,49;48,91;Alemania
10953;AROUT;23,72;4,98;28,70;Reino Unido
10954;LINOD;27,91;5,86;33,77;Venezuela
10955;FOLKO;3,26;0,68;3,94;Suecia
10956;BLAUS;44,65;9,38;54,03;Alemania
10957;HILAA;105,36;22,13;127,49;Venezuela
10958;OCEAN;49,56;10,41;59,97;Argentina
10959;GOURL;4,98;1,05;6,03;Brasil
10960;HILAA;2,08;0,44;2,52;Venezuela
10961;QUEEN;104,47;21,94;126,41;Brasil
10962;QUICK;275,79;57,92;333,71;Alemania
10963;FURIB;2,70;0,57;3,27;Portugal
10964;SPECD;87,38;18,35;105,73;Francia
10965;OLDWO;144,38;30,32;174,70;Estados Unidos
10966;CHOPS;27,19;5,71;32,90;Suiza
10967;TOMSP;62,22;13,07;75,29;Alemania
10968;ERNSH;74,60;15,67;90,27;Austria
10969;COMMI;0,21;0,04;0,25;Brasil
10970;BOLID;16,16;3,39;19,55;Espanya
10971;FRANR;121,82;25,58;147,40;Francia
10972;LACOR;0,02;0,00;0,02;Francia
10973;LACOR;15,17;3,19;18,36;Francia
10974;SPLIR;12,96;2,72;15,68;Estados Unidos
10975;BOTTM;32,27;6,78;39,05;Canada
10976;HILAA;37,97;7,97;45,94;Venezuela
10977;FOLKO;208,50;43,78;252,28;Suecia
10978;MAISD;32,82;6,89;39,71;Belgica
10979;ERNSH;353,07;74,14;427,21;Austria
10980;FOLKO;1,26;0,26;1,52;Suecia
10981;HANAR;193,37;40,61;233,98;Brasil
10982;BOTTM;14,01;2,94;16,95;Canada
10983;SAVEA;657,54;138,08;795,62;Estados Unidos
10984;SAVEA;211,22;44,36;255,58;Estados Unidos
10985;HUNGO;91,51;19,22;110,73;Irlanda
10986;OCEAN;217,86;45,75;263,61;Argentina
10987;EASTC;185,48;38,95;224,43;Reino Unido
10988;RATTC;61,14;12,84;73,98;Estados Unidos
10989;QUEDE;34,76;7,30;42,06;Brasil
10990;ERNSH;117,61;24,70;142,31;Austria
10991;QUICK;38,51;8,09;46,60;Alemania
10992;THEBI;4,27;0,90;5,17;Estados Unidos
10993;FOLKO;8,81;1,85;10,66;Suecia
10994;VAFFE;65,53;13,76;79,29;Dinamarca
10995;PERIC;46,00;9,66;55,66;Mexico
10996;QUICK;1,12;0,24;1,36;Alemania
10997;LILAS;73,91;15,52;89,43;Venezuela
10998;WOLZA;20,31;4,27;24,58;Polonia
10999;OTTIK;96,35;20,23;116,58;Alemania
11000;RATTC;55,12;11,58;66,70;Estados Unidos
11001;FOLKO;197,30;41,43;238,73;Suecia
11002;SAVEA;141,16;29,64;170,80;Estados Unidos
11003;THECR;14,91;3,13;18,04;Estados Unidos
11004;MAISD;44,84;9,42;54,26;Belgica
11005;WILMK;0,75;0,16;0,91;Finlandia
11006;GREAL;25,19;5,29;30,48;Estados Unidos
11007;PRINI;202,24;42,47;244,71;Portugal
11008;ERNSH;79,46;16,69;96,15;Austria
11009;GODOS;59,11;12,41;71,52;Espanya
11010;REGGC;28,71;6,03;34,74;Italia
11011;ALFKI;1,21;0,25;1,46;Alemania
11012;FRANK;242,95;51,02;293,97;Alemania
11013;ROMEY;32,99;6,93;39,92;Espanya
11014;LINOD;23,60;4,96;28,56;Venezuela
11015;SANTG;4,62;0,97;5,59;Noruega
11016;AROUT;33,80;7,10;40,90;Reino Unido
11017;ERNSH;754,26;158,39;912,65;Austria
11018;LONEP;11,65;2,45;14,10;Estados Unidos
11019;RANCH;3,17;0,67;3,84;Argentina
11020;OTTIK;43,30;9,09;52,39;Alemania
11021;QUICK;297,18;62,41;359,59;Alemania
11022;HANAR;6,27;1,32;7,59;Brasil
11023;BSBEV;123,83;26,00;149,83;Reino Unido
11024;EASTC;74,36;15,62;89,98;Reino Unido
11025;WARTH;29,17;6,13;35,30;Finlandia
11026;FRANS;47,09;9,89;56,98;Italia
11027;BOTTM;52,52;11,03;63,55;Canada
11028;KOENE;29,59;6,21;35,80;Alemania
11029;CHOPS;47,84;10,05;57,89;Suiza
11030;SAVEA;830,75;174,46;1005,21;Estados Unidos
11031;SAVEA;227,22;47,72;274,94;Estados Unidos
11032;WHITC;606,19;127,30;733,49;Estados Unidos
11033;RICSU;84,74;17,80;102,54;Suiza
11034;OLDWO;40,32;8,47;48,79;Estados Unidos
11035;SUPRD;0,17;0,04;0,21;Belgica
11036;DRACD;149,47;31,39;180,86;Alemania
11037;GODOS;3,20;0,67;3,87;Espanya
11038;SUPRD;29,59;6,21;35,80;Belgica
11039;LINOD;65,00;13,65;78,65;Venezuela
11040;GREAL;18,84;3,96;22,80;Estados Unidos
11041;CHOPS;48,22;10,13;58,35;Suiza
11042;COMMI;29,99;6,30;36,29;Brasil
11043;SPECD;8,80;1,85;10,65;Francia
11044;WOLZA;8,72;1,83;10,55;Polonia
11045;BOTTM;70,58;14,82;85,40;Canada
11046;WANDK;71,64;15,04;86,68;Alemania
11047;EASTC;46,62;9,79;56,41;Reino Unido
11048;BOTTM;24,12;5,07;29,19;Canada
11049;GOURL;8,34;1,75;10,09;Brasil
11050;FOLKO;59,41;12,48;71,89;Suecia
11051;LAMAI;2,79;0,59;3,38;Francia
11052;HANAR;67,26;14,12;81,38;Brasil
11053;PICCO;53,05;11,14;64,19;Austria
11054;CACTU;0,33;0,07;0,40;Argentina
11055;HILAA;120,92;25,39;146,31;Venezuela
11056;EASTC;278,96;58,58;337,54;Reino Unido
11057;NORTS;4,13;0,87;5,00;Reino Unido
11058;BLAUS;31,14;6,54;37,68;Alemania
11059;RICAR;85,80;18,02;103,82;Brasil
11060;FRANS;10,98;2,31;13,29;Italia
11061;GREAL;14,01;2,94;16,95;Estados Unidos
11062;REGGC;29,93;6,29;36,22;Italia
11063;HUNGO;81,73;17,16;98,89;Irlanda
11064;SAVEA;30,09;6,32;36,41;Estados Unidos
11065;LILAS;12,91;2,71;15,62;Venezuela
11066;WHITC;44,72;9,39;54,11;Estados Unidos
11067;DRACD;7,98;1,68;9,66;Alemania
11068;QUEEN;81,75;17,17;98,92;Brasil
11069;TORTU;15,67;3,29;18,96;Mexico
11070;LEHMS;136,00;28,56;164,56;Alemania
11071;LILAS;0,93;0,20;1,13;Venezuela
11072;ERNSH;258,64;54,31;312,95;Austria
11073;PERIC;24,95;5,24;30,19;Mexico
11074;SIMOB;18,44;3,87;22,31;Dinamarca
11075;RICSU;6,19;1,30;7,49;Suiza
11076;BONAP;38,28;8,04;46,32;Francia
11077;RATTC;8,53;1,79;10,32;Estados Unidos
