;idpedido;idcliente;empresa;empleado;pais;importe;porc_iva;iva;total
0;9999;A1234;Speedy Express;Davolio;Estados Unidos;99.0;0.21;20.79;119.78999999999999
1;10248;WILMK;Federal Shipping;Buchanan;Finlandia;32.38;0.21;6.8;39.18
2;10249;TOMSP;Speedy Express;Suyama;Alemania;11.61;0.21;2.44;14.049999999999999
3;10250;HANAR;United Package;Peacock;Brasil;65.83;0.21;13.82;79.65
4;10251;VICTE;Speedy Express;Leverling;Francia;41.34;0.21;8.68;50.02
5;10252;SUPRD;United Package;Peacock;Belgica;51.3;0.21;10.77;62.06999999999999
6;10253;HANAR;United Package;Leverling;Brasil;58.17;0.21;12.22;70.39
7;10254;CHOPS;United Package;Buchanan;Suiza;22.98;0.21;4.83;27.810000000000002
8;10255;RICSU;Federal Shipping;Dodsworth;Suiza;148.33;0.21;31.15;179.48000000000002
9;10256;WELLI;United Package;Leverling;Brasil;13.97;0.21;2.93;16.900000000000002
10;10257;HILAA;Federal Shipping;Peacock;Venezuela;81.91;0.21;17.2;99.11
11;10258;ERNSH;Speedy Express;Davolio;Austria;140.51;0.21;29.51;170.01999999999998
12;10259;CENTC;Federal Shipping;Peacock;Mexico;3.25;0.21;0.68;3.93
13;10260;OTTIK;Speedy Express;Peacock;Alemania;55.09;0.21;11.57;66.66
14;10261;QUEDE;United Package;Peacock;Brasil;3.05;0.21;0.64;3.69
15;10262;RATTC;Federal Shipping;Callahan;Estados Unidos;48.29;0.21;10.14;58.43
16;10263;ERNSH;Federal Shipping;Dodsworth;Austria;146.06;0.21;30.67;176.73000000000002
17;10264;FOLKO;Federal Shipping;Suyama;Suecia;3.67;0.21;0.77;4.4399999999999995
18;10265;BLONP;Speedy Express;Fuller;Francia;55.28;0.21;11.61;66.89
19;10266;WARTH;Federal Shipping;Leverling;Finlandia;25.73;0.21;5.4;31.130000000000003
20;10267;FRANK;Speedy Express;Peacock;Alemania;208.58;0.21;43.8;252.38
21;10268;GROSR;Federal Shipping;Callahan;Venezuela;66.29;0.21;13.92;80.21000000000001
22;10269;WHITC;Speedy Express;Buchanan;Estados Unidos;4.56;0.21;0.96;5.52
23;10270;WARTH;Speedy Express;Davolio;Finlandia;136.54;0.21;28.67;165.20999999999998
24;10271;SPLIR;United Package;Suyama;Estados Unidos;4.54;0.21;0.95;5.49
25;10272;RATTC;United Package;Suyama;Estados Unidos;98.03;0.21;20.59;118.62
26;10273;QUICK;Federal Shipping;Leverling;Alemania;76.07;0.21;15.97;92.03999999999999
27;10274;VINET;Speedy Express;Suyama;Francia;6.01;0.21;1.26;7.27
28;10275;MAGAA;Speedy Express;Davolio;Italia;26.93;0.21;5.66;32.59
29;10276;TORTU;Federal Shipping;Callahan;Mexico;13.84;0.21;2.91;16.75
30;10277;MORGK;Federal Shipping;Fuller;Alemania;125.77;0.21;26.41;152.18
31;10278;BERGS;United Package;Callahan;Suecia;92.69;0.21;19.46;112.15
32;10279;LEHMS;United Package;Callahan;Alemania;25.83;0.21;5.42;31.25
33;10280;BERGS;Speedy Express;Fuller;Suecia;8.98;0.21;1.89;10.870000000000001
34;10281;ROMEY;Speedy Express;Peacock;Espanya;2.94;0.21;0.62;3.56
35;10282;ROMEY;Speedy Express;Peacock;Espanya;12.69;0.21;2.66;15.35
36;10283;LILAS;Federal Shipping;Leverling;Venezuela;84.81;0.21;17.81;102.62
37;10284;LEHMS;Speedy Express;Peacock;Alemania;76.56;0.21;16.08;92.64
38;10285;QUICK;United Package;Davolio;Alemania;76.83;0.21;16.13;92.96
39;10286;QUICK;Federal Shipping;Callahan;Alemania;229.24;0.21;48.14;277.38
40;10287;RICAR;Federal Shipping;Callahan;Brasil;12.76;0.21;2.68;15.44
41;10288;REGGC;Speedy Express;Peacock;Italia;7.45;0.21;1.56;9.01
42;10289;BSBEV;Federal Shipping;King;Reino Unido;22.77;0.21;4.78;27.55
43;10290;COMMI;Speedy Express;Callahan;Brasil;79.7;0.21;16.74;96.44
44;10291;QUEDE;United Package;Suyama;Brasil;6.4;0.21;1.34;7.74
45;10292;TRADH;United Package;Davolio;Brasil;1.35;0.21;0.28;1.6300000000000001
46;10293;TORTU;Federal Shipping;Davolio;Mexico;21.18;0.21;4.45;25.63
47;10294;RATTC;United Package;Peacock;Estados Unidos;147.26;0.21;30.92;178.18
48;10295;VINET;United Package;Fuller;Francia;1.15;0.21;0.24;1.39
49;10296;LILAS;Speedy Express;Suyama;Venezuela;0.12;0.21;0.03;0.15
50;10297;BLONP;United Package;Buchanan;Francia;5.74;0.21;1.21;6.95
51;10298;HUNGO;United Package;Suyama;Irlanda;168.22;0.21;35.33;203.55
52;10299;RICAR;United Package;Peacock;Brasil;29.76;0.21;6.25;36.010000000000005
53;10300;MAGAA;United Package;Fuller;Italia;17.68;0.21;3.71;21.39
54;10301;WANDK;United Package;Callahan;Alemania;45.08;0.21;9.47;54.55
55;10302;SUPRD;United Package;Peacock;Belgica;6.27;0.21;1.32;7.59
56;10303;GODOS;United Package;King;Espanya;107.83;0.21;22.64;130.47
57;10304;TORTU;United Package;Davolio;Mexico;63.79;0.21;13.4;77.19
58;10305;OLDWO;Federal Shipping;Callahan;Estados Unidos;257.62;0.21;54.1;311.72
59;10306;ROMEY;Federal Shipping;Davolio;Espanya;7.56;0.21;1.59;9.15
60;10307;LONEP;United Package;Fuller;Estados Unidos;0.56;0.21;0.12;0.68
61;10308;ANATR;Federal Shipping;King;Mexico;1.61;0.21;0.34;1.9500000000000002
62;10309;HUNGO;Speedy Express;Leverling;Irlanda;47.3;0.21;9.93;57.23
63;10310;THEBI;United Package;Callahan;Estados Unidos;17.52;0.21;3.68;21.2
64;10311;DUMON;Federal Shipping;Davolio;Francia;24.69;0.21;5.18;29.87
65;10312;WANDK;United Package;Fuller;Alemania;40.26;0.21;8.45;48.709999999999994
66;10313;QUICK;United Package;Fuller;Alemania;1.96;0.21;0.41;2.37
67;10314;RATTC;United Package;Davolio;Estados Unidos;74.16;0.21;15.57;89.72999999999999
68;10315;ISLAT;United Package;Peacock;Reino Unido;41.76;0.21;8.77;50.53
69;10316;RATTC;Federal Shipping;Davolio;Estados Unidos;150.15;0.21;31.53;181.68
70;10317;LONEP;Speedy Express;Suyama;Estados Unidos;12.69;0.21;2.66;15.35
71;10318;ISLAT;United Package;Callahan;Reino Unido;4.73;0.21;0.99;5.720000000000001
72;10319;TORTU;Federal Shipping;King;Mexico;64.5;0.21;13.54;78.03999999999999
73;10320;WARTH;Federal Shipping;Buchanan;Finlandia;34.57;0.21;7.26;41.83
74;10321;ISLAT;United Package;Leverling;Reino Unido;3.43;0.21;0.72;4.15
75;10322;PERIC;Federal Shipping;King;Mexico;0.4;0.21;0.08;0.48000000000000004
76;10323;KOENE;Speedy Express;Peacock;Alemania;4.88;0.21;1.02;5.9
77;10324;SAVEA;Speedy Express;Dodsworth;Estados Unidos;214.27;0.21;45.0;259.27
78;10325;KOENE;Federal Shipping;Davolio;Alemania;64.86;0.21;13.62;78.48
79;10326;BOLID;United Package;Peacock;Espanya;77.92;0.21;16.36;94.28
80;10327;FOLKO;Speedy Express;Fuller;Suecia;63.36;0.21;13.31;76.67
81;10328;FURIB;Federal Shipping;Peacock;Portugal;87.03;0.21;18.28;105.31
82;10329;SPLIR;United Package;Peacock;Estados Unidos;191.67;0.21;40.25;231.92
83;10330;LILAS;Speedy Express;Leverling;Venezuela;12.75;0.21;2.68;15.43
84;10331;BONAP;Speedy Express;Dodsworth;Francia;10.19;0.21;2.14;12.33
85;10332;MEREP;United Package;Leverling;Canada;52.84;0.21;11.1;63.940000000000005
86;10333;WARTH;Federal Shipping;Buchanan;Finlandia;0.59;0.21;0.12;0.71
87;10334;VICTE;United Package;Callahan;Francia;8.56;0.21;1.8;10.360000000000001
88;10335;HUNGO;United Package;King;Irlanda;42.11;0.21;8.84;50.95
89;10336;PRINI;United Package;King;Portugal;15.51;0.21;3.26;18.77
90;10337;FRANK;Federal Shipping;Peacock;Alemania;108.26;0.21;22.73;130.99
91;10338;OLDWO;Federal Shipping;Peacock;Estados Unidos;84.21;0.21;17.68;101.88999999999999
92;10339;MEREP;United Package;Fuller;Canada;15.66;0.21;3.29;18.95
93;10340;BONAP;Federal Shipping;Davolio;Francia;166.31;0.21;34.93;201.24
94;10341;SIMOB;Federal Shipping;King;Dinamarca;26.78;0.21;5.62;32.4
95;10342;FRANK;United Package;Peacock;Alemania;54.83;0.21;11.51;66.34
96;10343;LEHMS;Speedy Express;Peacock;Alemania;110.37;0.21;23.18;133.55
97;10344;WHITC;United Package;Peacock;Estados Unidos;23.29;0.21;4.89;28.18
98;10345;QUICK;United Package;Fuller;Alemania;249.06;0.21;52.3;301.36
99;10346;RATTC;Federal Shipping;Leverling;Estados Unidos;142.08;0.21;29.84;171.92000000000002
100;10347;FAMIA;Federal Shipping;Peacock;Brasil;3.1;0.21;0.65;3.75
101;10348;WANDK;United Package;Peacock;Alemania;0.78;0.21;0.16;0.9400000000000001
102;10349;SPLIR;Speedy Express;King;Estados Unidos;8.63;0.21;1.81;10.440000000000001
103;10350;LAMAI;United Package;Suyama;Francia;64.19;0.21;13.48;77.67
104;10351;ERNSH;Speedy Express;Davolio;Austria;162.33;0.21;34.09;196.42000000000002
105;10352;FURIB;Federal Shipping;Leverling;Portugal;1.3;0.21;0.27;1.57
106;10353;PICCO;Federal Shipping;King;Austria;360.63;0.21;75.73;436.36
107;10354;PERIC;Federal Shipping;Callahan;Mexico;53.8;0.21;11.3;65.1
108;10355;AROUT;Speedy Express;Suyama;Reino Unido;41.95;0.21;8.81;50.760000000000005
109;10356;WANDK;United Package;Suyama;Alemania;36.71;0.21;7.71;44.42
110;10357;LILAS;Federal Shipping;Davolio;Venezuela;34.88;0.21;7.32;42.2
111;10358;LAMAI;Speedy Express;Buchanan;Francia;19.64;0.21;4.12;23.76
112;10359;SEVES;Federal Shipping;Buchanan;Reino Unido;288.43;0.21;60.57;349.0
113;10360;BLONP;Federal Shipping;Peacock;Francia;131.7;0.21;27.66;159.35999999999999
114;10361;QUICK;United Package;Davolio;Alemania;183.17;0.21;38.47;221.64
115;10362;BONAP;Speedy Express;Leverling;Francia;96.04;0.21;20.17;116.21000000000001
116;10363;DRACD;Federal Shipping;Peacock;Alemania;30.54;0.21;6.41;36.95
117;10364;EASTC;Speedy Express;Davolio;Reino Unido;71.97;0.21;15.11;87.08
118;10365;ANTON;United Package;Leverling;Mexico;22.0;0.21;4.62;26.62
119;10366;GALED;United Package;Callahan;Espanya;10.14;0.21;2.13;12.27
120;10367;VAFFE;Federal Shipping;King;Dinamarca;13.55;0.21;2.85;16.400000000000002
121;10368;ERNSH;United Package;Fuller;Austria;101.95;0.21;21.41;123.36
122;10369;SPLIR;United Package;Callahan;Estados Unidos;195.68;0.21;41.09;236.77
123;10370;CHOPS;United Package;Suyama;Suiza;1.17;0.21;0.25;1.42
124;10371;LAMAI;Speedy Express;Davolio;Francia;0.45;0.21;0.09;0.54
125;10372;QUEEN;United Package;Buchanan;Brasil;890.78;0.21;187.06;1077.84
126;10373;HUNGO;Federal Shipping;Peacock;Irlanda;124.12;0.21;26.07;150.19
127;10374;WOLZA;Federal Shipping;Davolio;Polonia;3.94;0.21;0.83;4.77
128;10375;HUNGC;United Package;Leverling;Estados Unidos;20.12;0.21;4.23;24.35
129;10376;MEREP;United Package;Davolio;Canada;20.39;0.21;4.28;24.67
130;10377;SEVES;Federal Shipping;Davolio;Reino Unido;22.21;0.21;4.66;26.87
131;10378;FOLKO;Federal Shipping;Buchanan;Suecia;5.44;0.21;1.14;6.58
132;10379;QUEDE;Speedy Express;Fuller;Brasil;45.03;0.21;9.46;54.49
133;10380;HUNGO;Federal Shipping;Callahan;Irlanda;35.03;0.21;7.36;42.39
134;10381;LILAS;Federal Shipping;Leverling;Venezuela;7.99;0.21;1.68;9.67
135;10382;ERNSH;Speedy Express;Peacock;Austria;94.77;0.21;19.9;114.66999999999999
136;10383;AROUT;Federal Shipping;Callahan;Reino Unido;34.24;0.21;7.19;41.43
137;10384;BERGS;Federal Shipping;Leverling;Suecia;168.64;0.21;35.41;204.04999999999998
138;10385;SPLIR;United Package;Davolio;Estados Unidos;30.96;0.21;6.5;37.46
139;10386;FAMIA;Federal Shipping;Dodsworth;Brasil;13.99;0.21;2.94;16.93
140;10387;SANTG;United Package;Davolio;Noruega;93.63;0.21;19.66;113.28999999999999
141;10388;SEVES;Speedy Express;Fuller;Reino Unido;34.86;0.21;7.32;42.18
142;10389;BOTTM;United Package;Peacock;Canada;47.42;0.21;9.96;57.38
143;10390;ERNSH;Speedy Express;Suyama;Austria;126.38;0.21;26.54;152.92
144;10391;DRACD;Federal Shipping;Leverling;Alemania;5.45;0.21;1.14;6.59
145;10392;PICCO;Federal Shipping;Fuller;Austria;122.46;0.21;25.72;148.18
146;10393;SAVEA;Federal Shipping;Davolio;Estados Unidos;126.56;0.21;26.58;153.14
147;10394;HUNGC;Federal Shipping;Davolio;Estados Unidos;30.34;0.21;6.37;36.71
148;10395;HILAA;Speedy Express;Suyama;Venezuela;184.41;0.21;38.73;223.14
149;10396;FRANK;Federal Shipping;Davolio;Alemania;135.35;0.21;28.42;163.76999999999998
150;10397;PRINI;Speedy Express;Buchanan;Portugal;60.26;0.21;12.65;72.91
151;10398;SAVEA;Federal Shipping;Fuller;Estados Unidos;89.16;0.21;18.72;107.88
152;10399;VAFFE;Federal Shipping;Callahan;Dinamarca;27.36;0.21;5.75;33.11
153;10400;EASTC;Federal Shipping;Davolio;Reino Unido;83.93;0.21;17.63;101.56
154;10401;RATTC;Speedy Express;Davolio;Estados Unidos;12.51;0.21;2.63;15.14
155;10402;ERNSH;United Package;Callahan;Austria;67.88;0.21;14.25;82.13
156;10403;ERNSH;Federal Shipping;Peacock;Austria;73.79;0.21;15.5;89.29
157;10404;MAGAA;Speedy Express;Fuller;Italia;155.97;0.21;32.75;188.72
158;10405;LINOD;Speedy Express;Davolio;Venezuela;34.82;0.21;7.31;42.13
159;10406;QUEEN;Speedy Express;King;Brasil;108.04;0.21;22.69;130.73000000000002
160;10407;OTTIK;United Package;Fuller;Alemania;91.48;0.21;19.21;110.69
161;10408;FOLIG;Speedy Express;Callahan;Francia;11.26;0.21;2.36;13.62
162;10409;OCEAN;Speedy Express;Leverling;Argentina;29.83;0.21;6.26;36.089999999999996
163;10410;BOTTM;Federal Shipping;Leverling;Canada;2.4;0.21;0.5;2.9
164;10411;BOTTM;Federal Shipping;Dodsworth;Canada;23.65;0.21;4.97;28.619999999999997
165;10412;WARTH;United Package;Callahan;Finlandia;3.77;0.21;0.79;4.5600000000000005
166;10413;LAMAI;United Package;Leverling;Francia;95.66;0.21;20.09;115.75
167;10414;FAMIA;Federal Shipping;Fuller;Brasil;21.48;0.21;4.51;25.990000000000002
168;10415;HUNGC;Speedy Express;Leverling;Estados Unidos;0.2;0.21;0.04;0.24000000000000002
169;10416;WARTH;Federal Shipping;Callahan;Finlandia;22.72;0.21;4.77;27.49
170;10417;SIMOB;Federal Shipping;Peacock;Dinamarca;70.29;0.21;14.76;85.05000000000001
171;10418;QUICK;Speedy Express;Peacock;Alemania;17.55;0.21;3.69;21.240000000000002
172;10419;RICSU;United Package;Peacock;Suiza;137.35;0.21;28.84;166.19
173;10420;WELLI;Speedy Express;Leverling;Brasil;44.12;0.21;9.27;53.39
174;10421;QUEDE;Speedy Express;Callahan;Brasil;99.23;0.21;20.84;120.07000000000001
175;10422;FRANS;Speedy Express;Fuller;Italia;3.02;0.21;0.63;3.65
176;10423;GOURL;Federal Shipping;Suyama;Brasil;24.5;0.21;5.14;29.64
177;10424;MEREP;United Package;King;Canada;370.61;0.21;77.83;448.44
178;10425;LAMAI;United Package;Suyama;Francia;7.93;0.21;1.67;9.6
179;10426;GALED;Speedy Express;Peacock;Espanya;18.69;0.21;3.92;22.61
180;10427;PICCO;United Package;Peacock;Austria;31.29;0.21;6.57;37.86
181;10428;REGGC;Speedy Express;King;Italia;11.09;0.21;2.33;13.42
182;10429;HUNGO;United Package;Leverling;Irlanda;56.63;0.21;11.89;68.52000000000001
183;10430;ERNSH;Speedy Express;Peacock;Austria;458.78;0.21;96.34;555.12
184;10431;BOTTM;United Package;Peacock;Canada;44.17;0.21;9.28;53.45
185;10432;SPLIR;United Package;Leverling;Estados Unidos;4.34;0.21;0.91;5.25
186;10433;PRINI;Federal Shipping;Leverling;Portugal;73.83;0.21;15.5;89.33
187;10434;FOLKO;United Package;Leverling;Suecia;17.92;0.21;3.76;21.68
188;10435;CONSH;United Package;Callahan;Reino Unido;9.21;0.21;1.93;11.14
189;10436;BLONP;United Package;Leverling;Francia;156.66;0.21;32.9;189.56
190;10437;WARTH;Speedy Express;Callahan;Finlandia;19.97;0.21;4.19;24.16
191;10438;TOMSP;United Package;Leverling;Alemania;8.24;0.21;1.73;9.97
192;10439;MEREP;Federal Shipping;Suyama;Canada;4.07;0.21;0.85;4.92
193;10440;SAVEA;United Package;Peacock;Estados Unidos;86.53;0.21;18.17;104.7
194;10441;OLDWO;United Package;Leverling;Estados Unidos;73.02;0.21;15.33;88.35
195;10442;ERNSH;United Package;Leverling;Austria;47.94;0.21;10.07;58.01
196;10443;REGGC;Speedy Express;Callahan;Italia;13.95;0.21;2.93;16.88
197;10444;BERGS;Federal Shipping;Leverling;Suecia;3.5;0.21;0.74;4.24
198;10445;BERGS;Speedy Express;Leverling;Suecia;9.3;0.21;1.95;11.25
199;10446;TOMSP;Speedy Express;Suyama;Alemania;14.68;0.21;3.08;17.759999999999998
200;10447;RICAR;United Package;Peacock;Brasil;68.66;0.21;14.42;83.08
201;10448;RANCH;United Package;Peacock;Argentina;38.82;0.21;8.15;46.97
202;10449;BLONP;United Package;Leverling;Francia;53.3;0.21;11.19;64.49
203;10450;VICTE;United Package;Callahan;Francia;7.23;0.21;1.52;8.75
204;10451;QUICK;Federal Shipping;Peacock;Alemania;189.09;0.21;39.71;228.8
205;10452;SAVEA;Speedy Express;Callahan;Estados Unidos;140.26;0.21;29.45;169.70999999999998
206;10453;AROUT;United Package;Davolio;Reino Unido;25.36;0.21;5.33;30.689999999999998
207;10454;LAMAI;Federal Shipping;Peacock;Francia;2.74;0.21;0.58;3.3200000000000003
208;10455;WARTH;United Package;Callahan;Finlandia;180.45;0.21;37.89;218.33999999999997
209;10456;KOENE;United Package;Callahan;Alemania;8.12;0.21;1.71;9.829999999999998
210;10457;KOENE;Speedy Express;Fuller;Alemania;11.57;0.21;2.43;14.0
211;10458;SUPRD;Federal Shipping;King;Belgica;147.06;0.21;30.88;177.94
212;10459;VICTE;United Package;Peacock;Francia;25.09;0.21;5.27;30.36
213;10460;FOLKO;Speedy Express;Callahan;Suecia;16.27;0.21;3.42;19.689999999999998
214;10461;LILAS;Federal Shipping;Davolio;Venezuela;148.61;0.21;31.21;179.82000000000002
215;10462;CONSH;Speedy Express;Fuller;Reino Unido;6.17;0.21;1.3;7.47
216;10463;SUPRD;Federal Shipping;Buchanan;Belgica;14.78;0.21;3.1;17.88
217;10464;FURIB;United Package;Peacock;Portugal;89.0;0.21;18.69;107.69
218;10465;VAFFE;Federal Shipping;Davolio;Dinamarca;145.04;0.21;30.46;175.5
219;10466;COMMI;Speedy Express;Peacock;Brasil;11.93;0.21;2.51;14.44
220;10467;MAGAA;United Package;Callahan;Italia;4.93;0.21;1.04;5.97
221;10468;KOENE;Federal Shipping;Leverling;Alemania;44.12;0.21;9.27;53.39
222;10469;WHITC;Speedy Express;Davolio;Estados Unidos;60.18;0.21;12.64;72.82
223;10470;BONAP;United Package;Peacock;Francia;64.56;0.21;13.56;78.12
224;10471;BSBEV;Federal Shipping;Fuller;Reino Unido;45.59;0.21;9.57;55.160000000000004
225;10472;SEVES;Speedy Express;Callahan;Reino Unido;4.2;0.21;0.88;5.08
226;10473;ISLAT;Federal Shipping;Davolio;Reino Unido;16.37;0.21;3.44;19.810000000000002
227;10474;PERIC;United Package;Buchanan;Mexico;83.49;0.21;17.53;101.02
228;10475;SUPRD;Speedy Express;Dodsworth;Belgica;68.52;0.21;14.39;82.91
229;10476;HILAA;Federal Shipping;Callahan;Venezuela;4.41;0.21;0.93;5.34
230;10477;PRINI;United Package;Buchanan;Portugal;13.02;0.21;2.73;15.75
231;10478;VICTE;Federal Shipping;Fuller;Francia;4.81;0.21;1.01;5.819999999999999
232;10479;RATTC;Federal Shipping;Leverling;Estados Unidos;708.95;0.21;148.88;857.83
233;10480;FOLIG;United Package;Suyama;Francia;1.35;0.21;0.28;1.6300000000000001
234;10481;RICAR;United Package;Callahan;Brasil;64.33;0.21;13.51;77.84
235;10482;LAZYK;Federal Shipping;Davolio;Estados Unidos;7.48;0.21;1.57;9.05
236;10483;WHITC;United Package;King;Estados Unidos;15.28;0.21;3.21;18.49
237;10484;BSBEV;Federal Shipping;Leverling;Reino Unido;6.88;0.21;1.44;8.32
238;10485;LINOD;United Package;Peacock;Venezuela;64.45;0.21;13.53;77.98
239;10486;HILAA;United Package;Davolio;Venezuela;30.53;0.21;6.41;36.94
240;10487;QUEEN;United Package;Fuller;Brasil;71.07;0.21;14.92;85.99
241;10488;FRANK;United Package;Callahan;Alemania;4.93;0.21;1.04;5.97
242;10489;PICCO;United Package;Suyama;Austria;5.29;0.21;1.11;6.4
243;10490;HILAA;United Package;King;Venezuela;210.19;0.21;44.14;254.32999999999998
244;10491;FURIB;Federal Shipping;Callahan;Portugal;16.96;0.21;3.56;20.52
245;10492;BOTTM;Speedy Express;Leverling;Canada;62.89;0.21;13.21;76.1
246;10493;LAMAI;Federal Shipping;Peacock;Francia;10.64;0.21;2.23;12.870000000000001
247;10494;COMMI;United Package;Peacock;Brasil;65.99;0.21;13.86;79.85
248;10495;LAUGB;Federal Shipping;Leverling;Canada;4.65;0.21;0.98;5.630000000000001
249;10496;TRADH;United Package;King;Brasil;46.77;0.21;9.82;56.59
250;10497;LEHMS;Speedy Express;King;Alemania;36.21;0.21;7.6;43.81
251;10498;HILAA;United Package;Callahan;Venezuela;29.75;0.21;6.25;36.0
252;10499;LILAS;United Package;Peacock;Venezuela;102.02;0.21;21.42;123.44
253;10500;LAMAI;Speedy Express;Suyama;Francia;42.68;0.21;8.96;51.64
254;10501;BLAUS;Federal Shipping;Dodsworth;Alemania;8.85;0.21;1.86;10.709999999999999
255;10502;PERIC;Speedy Express;Fuller;Mexico;69.32;0.21;14.56;83.88
256;10503;HUNGO;United Package;Suyama;Irlanda;16.74;0.21;3.52;20.259999999999998
257;10504;WHITC;Federal Shipping;Peacock;Estados Unidos;59.13;0.21;12.42;71.55
258;10505;MEREP;Federal Shipping;Leverling;Canada;7.13;0.21;1.5;8.629999999999999
259;10506;KOENE;United Package;Dodsworth;Alemania;21.19;0.21;4.45;25.64
260;10507;ANTON;Speedy Express;King;Mexico;47.45;0.21;9.96;57.410000000000004
261;10508;OTTIK;United Package;Davolio;Alemania;4.99;0.21;1.05;6.04
262;10509;BLAUS;Speedy Express;Peacock;Alemania;0.15;0.21;0.03;0.18
263;10510;SAVEA;Federal Shipping;Suyama;Estados Unidos;367.63;0.21;77.2;444.83
264;10511;BONAP;Federal Shipping;Peacock;Francia;350.64;0.21;73.63;424.27
265;10512;FAMIA;United Package;King;Brasil;3.53;0.21;0.74;4.27
266;10513;WANDK;Speedy Express;King;Alemania;105.65;0.21;22.19;127.84
267;10514;ERNSH;United Package;Leverling;Austria;789.95;0.21;165.89;955.84
268;10515;QUICK;Speedy Express;Fuller;Alemania;204.47;0.21;42.94;247.41
269;10516;HUNGO;Federal Shipping;Fuller;Irlanda;62.78;0.21;13.18;75.96000000000001
270;10517;NORTS;Federal Shipping;Leverling;Reino Unido;32.07;0.21;6.73;38.8
271;10518;TORTU;United Package;Peacock;Mexico;218.15;0.21;45.81;263.96000000000004
272;10519;CHOPS;Federal Shipping;Suyama;Suiza;91.76;0.21;19.27;111.03
273;10520;SANTG;Speedy Express;King;Noruega;13.37;0.21;2.81;16.18
274;10521;CACTU;United Package;Callahan;Argentina;17.22;0.21;3.62;20.84
275;10522;LEHMS;Speedy Express;Peacock;Alemania;45.33;0.21;9.52;54.849999999999994
276;10523;SEVES;United Package;King;Reino Unido;77.63;0.21;16.3;93.92999999999999
277;10524;BERGS;United Package;Davolio;Suecia;244.79;0.21;51.41;296.2
278;10525;BONAP;United Package;Davolio;Francia;11.06;0.21;2.32;13.38
279;10526;WARTH;United Package;Peacock;Finlandia;58.59;0.21;12.3;70.89
280;10527;QUICK;Speedy Express;King;Alemania;41.9;0.21;8.8;50.7
281;10528;GREAL;United Package;Suyama;Estados Unidos;3.35;0.21;0.7;4.05
282;10529;MAISD;United Package;Buchanan;Belgica;66.69;0.21;14.0;80.69
283;10530;PICCO;United Package;Leverling;Austria;339.22;0.21;71.24;410.46000000000004
284;10531;OCEAN;Speedy Express;King;Argentina;8.12;0.21;1.71;9.829999999999998
285;10532;EASTC;Federal Shipping;King;Reino Unido;74.46;0.21;15.64;90.1
286;10533;FOLKO;Speedy Express;Callahan;Suecia;188.04;0.21;39.49;227.53
287;10534;LEHMS;United Package;Callahan;Alemania;27.94;0.21;5.87;33.81
288;10535;ANTON;Speedy Express;Peacock;Mexico;15.64;0.21;3.28;18.92
289;10536;LEHMS;United Package;Leverling;Alemania;58.88;0.21;12.36;71.24000000000001
290;10537;RICSU;Speedy Express;Davolio;Suiza;78.85;0.21;16.56;95.41
291;10538;BSBEV;Federal Shipping;Dodsworth;Reino Unido;4.87;0.21;1.02;5.890000000000001
292;10539;BSBEV;Federal Shipping;Suyama;Reino Unido;12.36;0.21;2.6;14.959999999999999
293;10540;QUICK;Federal Shipping;Leverling;Alemania;1007.64;0.21;211.6;1219.24
294;10541;HANAR;Speedy Express;Fuller;Brasil;68.65;0.21;14.42;83.07000000000001
295;10542;KOENE;Federal Shipping;Davolio;Alemania;10.95;0.21;2.3;13.25
296;10543;LILAS;United Package;Callahan;Venezuela;48.17;0.21;10.12;58.29
297;10544;LONEP;Speedy Express;Peacock;Estados Unidos;24.91;0.21;5.23;30.14
298;10545;LAZYK;United Package;Callahan;Estados Unidos;11.92;0.21;2.5;14.42
299;10546;VICTE;Federal Shipping;Davolio;Francia;194.72;0.21;40.89;235.61
300;10547;SEVES;United Package;Leverling;Reino Unido;178.43;0.21;37.47;215.9
301;10548;TOMSP;United Package;Leverling;Alemania;1.43;0.21;0.3;1.73
302;10549;QUICK;Speedy Express;Buchanan;Alemania;171.24;0.21;35.96;207.20000000000002
303;10550;GODOS;Federal Shipping;King;Espanya;4.32;0.21;0.91;5.23
304;10551;FURIB;Federal Shipping;Peacock;Portugal;72.95;0.21;15.32;88.27000000000001
305;10552;HILAA;Speedy Express;Fuller;Venezuela;83.22;0.21;17.48;100.7
306;10553;WARTH;United Package;Fuller;Finlandia;149.49;0.21;31.39;180.88
307;10554;OTTIK;Federal Shipping;Peacock;Alemania;120.97;0.21;25.4;146.37
308;10555;SAVEA;Federal Shipping;Suyama;Estados Unidos;252.49;0.21;53.02;305.51
309;10556;SIMOB;Speedy Express;Fuller;Dinamarca;9.8;0.21;2.06;11.860000000000001
310;10557;LEHMS;United Package;Dodsworth;Alemania;96.72;0.21;20.31;117.03
311;10558;AROUT;United Package;Davolio;Reino Unido;72.97;0.21;15.32;88.28999999999999
312;10559;BLONP;Speedy Express;Suyama;Francia;8.05;0.21;1.69;9.74
313;10560;FRANK;Speedy Express;Callahan;Alemania;36.65;0.21;7.7;44.35
314;10561;FOLKO;United Package;Fuller;Suecia;242.21;0.21;50.86;293.07
315;10562;REGGC;Speedy Express;Davolio;Italia;22.95;0.21;4.82;27.77
316;10563;RICAR;United Package;Fuller;Brasil;60.43;0.21;12.69;73.12
317;10564;RATTC;Federal Shipping;Peacock;Estados Unidos;13.75;0.21;2.89;16.64
318;10565;MEREP;United Package;Callahan;Canada;7.15;0.21;1.5;8.65
319;10566;BLONP;Speedy Express;Dodsworth;Francia;88.4;0.21;18.56;106.96000000000001
320;10567;HUNGO;Speedy Express;Davolio;Irlanda;33.97;0.21;7.13;41.1
321;10568;GALED;Federal Shipping;Leverling;Espanya;6.54;0.21;1.37;7.91
322;10569;RATTC;Speedy Express;Buchanan;Estados Unidos;58.98;0.21;12.39;71.37
323;10570;MEREP;Federal Shipping;Leverling;Canada;188.99;0.21;39.69;228.68
324;10571;ERNSH;Federal Shipping;Callahan;Austria;26.06;0.21;5.47;31.529999999999998
325;10572;BERGS;United Package;Leverling;Suecia;116.43;0.21;24.45;140.88
326;10573;ANTON;Federal Shipping;King;Mexico;84.84;0.21;17.82;102.66
327;10574;TRAIH;United Package;Peacock;Estados Unidos;37.6;0.21;7.9;45.5
328;10575;MORGK;Speedy Express;Buchanan;Alemania;127.34;0.21;26.74;154.08
329;10576;TORTU;Federal Shipping;Leverling;Mexico;18.56;0.21;3.9;22.459999999999997
330;10577;TRAIH;United Package;Dodsworth;Estados Unidos;25.41;0.21;5.34;30.75
331;10578;BSBEV;Federal Shipping;Peacock;Reino Unido;29.6;0.21;6.22;35.82
332;10579;LETSS;United Package;Davolio;Estados Unidos;13.73;0.21;2.88;16.61
333;10580;OTTIK;Federal Shipping;Peacock;Alemania;75.89;0.21;15.94;91.83
334;10581;FAMIA;Speedy Express;Leverling;Brasil;3.01;0.21;0.63;3.6399999999999997
335;10582;BLAUS;United Package;Leverling;Alemania;27.71;0.21;5.82;33.53
336;10583;WARTH;United Package;Fuller;Finlandia;7.28;0.21;1.53;8.81
337;10584;BLONP;Speedy Express;Peacock;Francia;59.14;0.21;12.42;71.56
338;10585;WELLI;Speedy Express;King;Brasil;13.41;0.21;2.82;16.23
339;10586;REGGC;Speedy Express;Dodsworth;Italia;0.48;0.21;0.1;0.58
340;10587;QUEDE;Speedy Express;Davolio;Brasil;62.52;0.21;13.13;75.65
341;10588;QUICK;Federal Shipping;Fuller;Alemania;194.67;0.21;40.88;235.54999999999998
342;10589;GREAL;United Package;Callahan;Estados Unidos;4.42;0.21;0.93;5.35
343;10590;MEREP;Federal Shipping;Peacock;Canada;44.77;0.21;9.4;54.17
344;10591;VAFFE;Speedy Express;Davolio;Dinamarca;55.92;0.21;11.74;67.66
345;10592;LEHMS;Speedy Express;Leverling;Alemania;32.1;0.21;6.74;38.84
346;10593;LEHMS;United Package;King;Alemania;174.2;0.21;36.58;210.77999999999997
347;10594;OLDWO;United Package;Leverling;Estados Unidos;5.24;0.21;1.1;6.34
348;10595;ERNSH;Speedy Express;Fuller;Austria;96.78;0.21;20.32;117.1
349;10596;WHITC;Speedy Express;Callahan;Estados Unidos;16.34;0.21;3.43;19.77
350;10597;PICCO;Federal Shipping;King;Austria;35.12;0.21;7.38;42.5
351;10598;RATTC;Federal Shipping;Davolio;Estados Unidos;44.42;0.21;9.33;53.75
352;10599;BSBEV;Federal Shipping;Suyama;Reino Unido;29.98;0.21;6.3;36.28
353;10600;HUNGC;Speedy Express;Peacock;Estados Unidos;45.13;0.21;9.48;54.61
354;10601;HILAA;Speedy Express;King;Venezuela;58.3;0.21;12.24;70.53999999999999
355;10602;VAFFE;United Package;Callahan;Dinamarca;2.92;0.21;0.61;3.53
356;10603;SAVEA;United Package;Callahan;Estados Unidos;48.77;0.21;10.24;59.010000000000005
357;10604;FURIB;Speedy Express;Davolio;Portugal;7.46;0.21;1.57;9.03
358;10605;MEREP;United Package;Davolio;Canada;379.13;0.21;79.62;458.75
359;10606;TRADH;Federal Shipping;Peacock;Brasil;79.4;0.21;16.67;96.07000000000001
360;10607;SAVEA;Speedy Express;Buchanan;Estados Unidos;200.24;0.21;42.05;242.29000000000002
361;10608;TOMSP;United Package;Peacock;Alemania;27.79;0.21;5.84;33.629999999999995
362;10609;DUMON;United Package;King;Francia;1.85;0.21;0.39;2.24
363;10610;LAMAI;Speedy Express;Callahan;Francia;26.78;0.21;5.62;32.4
364;10611;WOLZA;United Package;Suyama;Polonia;80.65;0.21;16.94;97.59
365;10612;SAVEA;United Package;Davolio;Estados Unidos;544.08;0.21;114.26;658.34
366;10613;HILAA;United Package;Peacock;Venezuela;8.11;0.21;1.7;9.809999999999999
367;10614;BLAUS;Federal Shipping;Callahan;Alemania;1.93;0.21;0.41;2.34
368;10615;WILMK;Federal Shipping;Fuller;Finlandia;0.75;0.21;0.16;0.91
369;10616;GREAL;United Package;Davolio;Estados Unidos;116.53;0.21;24.47;141.0
370;10617;GREAL;United Package;Peacock;Estados Unidos;18.53;0.21;3.89;22.42
371;10618;MEREP;Speedy Express;Davolio;Canada;154.68;0.21;32.48;187.16
372;10619;MEREP;Federal Shipping;Leverling;Canada;91.05;0.21;19.12;110.17
373;10620;LAUGB;Federal Shipping;Fuller;Canada;0.94;0.21;0.2;1.14
374;10621;ISLAT;United Package;Peacock;Reino Unido;23.73;0.21;4.98;28.71
375;10622;RICAR;Federal Shipping;Peacock;Brasil;50.97;0.21;10.7;61.67
376;10623;FRANK;United Package;Callahan;Alemania;97.18;0.21;20.41;117.59
377;10624;THECR;United Package;Peacock;Estados Unidos;94.8;0.21;19.91;114.71
378;10625;ANATR;Speedy Express;Leverling;Mexico;43.9;0.21;9.22;53.12
379;10626;BERGS;United Package;Davolio;Suecia;138.69;0.21;29.12;167.81
380;10627;SAVEA;Federal Shipping;Callahan;Estados Unidos;107.46;0.21;22.57;130.03
381;10628;BLONP;Federal Shipping;Peacock;Francia;30.36;0.21;6.38;36.74
382;10629;GODOS;Federal Shipping;Peacock;Espanya;85.46;0.21;17.95;103.41
383;10630;KOENE;United Package;Davolio;Alemania;32.35;0.21;6.79;39.14
384;10631;LAMAI;Speedy Express;Callahan;Francia;0.87;0.21;0.18;1.05
385;10632;WANDK;Speedy Express;Callahan;Alemania;41.38;0.21;8.69;50.07
386;10633;ERNSH;Federal Shipping;King;Austria;477.9;0.21;100.36;578.26
387;10634;FOLIG;Federal Shipping;Peacock;Francia;487.38;0.21;102.35;589.73
388;10635;MAGAA;Federal Shipping;Callahan;Italia;47.46;0.21;9.97;57.43
389;10636;WARTH;Speedy Express;Peacock;Finlandia;1.15;0.21;0.24;1.39
390;10637;QUEEN;Speedy Express;Suyama;Brasil;201.29;0.21;42.27;243.56
391;10638;LINOD;Speedy Express;Leverling;Venezuela;158.44;0.21;33.27;191.71
392;10639;SANTG;Federal Shipping;King;Noruega;38.64;0.21;8.11;46.75
393;10640;WANDK;Speedy Express;Peacock;Alemania;23.55;0.21;4.95;28.5
394;10641;HILAA;United Package;Peacock;Venezuela;179.61;0.21;37.72;217.33
395;10642;SIMOB;Federal Shipping;King;Dinamarca;41.89;0.21;8.8;50.69
396;10643;ALFKI;United Package;Suyama;Alemania;29.46;0.21;6.19;35.65
397;10644;WELLI;United Package;Leverling;Brasil;0.14;0.21;0.03;0.17
398;10645;HANAR;Speedy Express;Peacock;Brasil;12.41;0.21;2.61;15.02
399;10646;HUNGO;Federal Shipping;Dodsworth;Irlanda;142.33;0.21;29.89;172.22000000000003
400;10647;QUEDE;United Package;Peacock;Brasil;45.54;0.21;9.56;55.1
401;10648;RICAR;United Package;Buchanan;Brasil;14.25;0.21;2.99;17.240000000000002
402;10649;MAISD;Federal Shipping;Buchanan;Belgica;6.2;0.21;1.3;7.5
403;10650;FAMIA;Federal Shipping;Buchanan;Brasil;176.81;0.21;37.13;213.94
404;10651;WANDK;United Package;Callahan;Alemania;20.6;0.21;4.33;24.93
405;10652;GOURL;United Package;Peacock;Brasil;7.14;0.21;1.5;8.64
406;10653;FRANK;Speedy Express;Davolio;Alemania;93.25;0.21;19.58;112.83
407;10654;BERGS;Speedy Express;Buchanan;Suecia;55.26;0.21;11.6;66.86
408;10655;REGGC;United Package;Davolio;Italia;4.41;0.21;0.93;5.34
409;10656;GREAL;Speedy Express;Suyama;Estados Unidos;57.15;0.21;12.0;69.15
410;10657;SAVEA;United Package;Fuller;Estados Unidos;352.69;0.21;74.06;426.75
411;10658;QUICK;Speedy Express;Peacock;Alemania;364.15;0.21;76.47;440.62
412;10659;QUEEN;United Package;King;Brasil;105.81;0.21;22.22;128.03
413;10660;HUNGC;Speedy Express;Callahan;Estados Unidos;111.29;0.21;23.37;134.66
414;10661;HUNGO;Federal Shipping;King;Irlanda;17.55;0.21;3.69;21.240000000000002
415;10662;LONEP;United Package;Leverling;Estados Unidos;1.28;0.21;0.27;1.55
416;10663;BONAP;United Package;Fuller;Francia;113.15;0.21;23.76;136.91
417;10664;FURIB;Federal Shipping;Davolio;Portugal;1.27;0.21;0.27;1.54
418;10665;LONEP;United Package;Davolio;Estados Unidos;26.31;0.21;5.53;31.84
419;10666;RICSU;United Package;King;Suiza;232.42;0.21;48.81;281.23
420;10667;ERNSH;Speedy Express;King;Austria;78.09;0.21;16.4;94.49000000000001
421;10668;WANDK;United Package;Davolio;Alemania;47.22;0.21;9.92;57.14
422;10669;SIMOB;Speedy Express;Fuller;Dinamarca;24.39;0.21;5.12;29.51
423;10670;FRANK;Speedy Express;Peacock;Alemania;203.48;0.21;42.73;246.20999999999998
424;10671;FRANR;Speedy Express;Davolio;Francia;30.34;0.21;6.37;36.71
425;10672;BERGS;United Package;Dodsworth;Suecia;95.75;0.21;20.11;115.86
426;10673;WILMK;Speedy Express;Fuller;Finlandia;22.76;0.21;4.78;27.540000000000003
427;10674;ISLAT;United Package;Peacock;Reino Unido;0.9;0.21;0.19;1.09
428;10675;FRANK;United Package;Buchanan;Alemania;31.85;0.21;6.69;38.54
429;10676;TORTU;United Package;Fuller;Mexico;2.01;0.21;0.42;2.4299999999999997
430;10677;ANTON;Federal Shipping;Davolio;Mexico;4.03;0.21;0.85;4.88
431;10678;SAVEA;Federal Shipping;King;Estados Unidos;388.98;0.21;81.69;470.67
432;10679;BLONP;Federal Shipping;Callahan;Francia;27.94;0.21;5.87;33.81
433;10680;OLDWO;Speedy Express;Davolio;Estados Unidos;26.61;0.21;5.59;32.2
434;10681;GREAL;Federal Shipping;Leverling;Estados Unidos;76.13;0.21;15.99;92.11999999999999
435;10682;ANTON;United Package;Leverling;Mexico;36.13;0.21;7.59;43.72
436;10683;DUMON;Speedy Express;Fuller;Francia;4.4;0.21;0.92;5.32
437;10684;OTTIK;Speedy Express;Leverling;Alemania;145.63;0.21;30.58;176.20999999999998
438;10685;GOURL;United Package;Peacock;Brasil;33.75;0.21;7.09;40.84
439;10686;PICCO;Speedy Express;Fuller;Austria;96.5;0.21;20.26;116.76
440;10687;HUNGO;United Package;Dodsworth;Irlanda;296.43;0.21;62.25;358.68
441;10688;VAFFE;United Package;Peacock;Dinamarca;299.09;0.21;62.81;361.9
442;10689;BERGS;United Package;Davolio;Suecia;13.42;0.21;2.82;16.24
443;10690;HANAR;Speedy Express;Davolio;Brasil;15.8;0.21;3.32;19.12
444;10691;QUICK;United Package;Fuller;Alemania;810.05;0.21;170.11;980.16
445;10692;ALFKI;United Package;Peacock;Alemania;61.02;0.21;12.81;73.83
446;10693;WHITC;Federal Shipping;Leverling;Estados Unidos;139.34;0.21;29.26;168.6
447;10694;QUICK;Federal Shipping;Callahan;Alemania;398.36;0.21;83.66;482.02
448;10695;WILMK;Speedy Express;King;Finlandia;16.72;0.21;3.51;20.229999999999997
449;10696;WHITC;Federal Shipping;Callahan;Estados Unidos;102.55;0.21;21.54;124.09
450;10697;LINOD;Speedy Express;Leverling;Venezuela;45.52;0.21;9.56;55.080000000000005
451;10698;ERNSH;Speedy Express;Peacock;Austria;272.47;0.21;57.22;329.69000000000005
452;10699;MORGK;Federal Shipping;Leverling;Alemania;0.58;0.21;0.12;0.7
453;10700;SAVEA;Speedy Express;Leverling;Estados Unidos;65.1;0.21;13.67;78.77
454;10701;HUNGO;Federal Shipping;Suyama;Irlanda;220.31;0.21;46.27;266.58
455;10702;ALFKI;Speedy Express;Peacock;Alemania;23.94;0.21;5.03;28.970000000000002
456;10703;FOLKO;United Package;Suyama;Suecia;152.3;0.21;31.98;184.28
457;10704;QUEEN;Speedy Express;Suyama;Brasil;4.78;0.21;1.0;5.78
458;10705;HILAA;United Package;Dodsworth;Venezuela;3.52;0.21;0.74;4.26
459;10706;OLDWO;Federal Shipping;Callahan;Estados Unidos;135.63;0.21;28.48;164.10999999999999
460;10707;AROUT;Federal Shipping;Peacock;Reino Unido;21.74;0.21;4.57;26.31
461;10708;THEBI;United Package;Suyama;Estados Unidos;2.96;0.21;0.62;3.58
462;10709;GOURL;Federal Shipping;Davolio;Brasil;210.8;0.21;44.27;255.07000000000002
463;10710;FRANS;Speedy Express;Davolio;Italia;4.98;0.21;1.05;6.03
464;10711;SAVEA;United Package;Buchanan;Estados Unidos;52.41;0.21;11.01;63.419999999999995
465;10712;HUNGO;Speedy Express;Leverling;Irlanda;89.93;0.21;18.89;108.82000000000001
466;10713;SAVEA;Speedy Express;Davolio;Estados Unidos;167.05;0.21;35.08;202.13
467;10714;SAVEA;Federal Shipping;Buchanan;Estados Unidos;24.49;0.21;5.14;29.63
468;10715;BONAP;Speedy Express;Leverling;Francia;63.2;0.21;13.27;76.47
469;10716;RANCH;United Package;Peacock;Argentina;22.57;0.21;4.74;27.310000000000002
470;10717;FRANK;United Package;Davolio;Alemania;59.25;0.21;12.44;71.69
471;10718;KOENE;Federal Shipping;Davolio;Alemania;170.88;0.21;35.88;206.76
472;10719;LETSS;United Package;Callahan;Estados Unidos;51.44;0.21;10.8;62.239999999999995
473;10720;QUEDE;United Package;Callahan;Brasil;9.53;0.21;2.0;11.53
474;10721;QUICK;Federal Shipping;Buchanan;Alemania;48.92;0.21;10.27;59.19
475;10722;SAVEA;Speedy Express;Callahan;Estados Unidos;74.58;0.21;15.66;90.24
476;10723;WHITC;Speedy Express;Leverling;Estados Unidos;21.72;0.21;4.56;26.279999999999998
477;10724;MEREP;United Package;Callahan;Canada;57.75;0.21;12.13;69.88
478;10725;FAMIA;Federal Shipping;Peacock;Brasil;10.83;0.21;2.27;13.1
479;10726;EASTC;Speedy Express;Peacock;Reino Unido;16.56;0.21;3.48;20.04
480;10727;REGGC;Speedy Express;Fuller;Italia;89.9;0.21;18.88;108.78
481;10728;QUEEN;United Package;Peacock;Brasil;58.33;0.21;12.25;70.58
482;10729;LINOD;Federal Shipping;Callahan;Venezuela;141.06;0.21;29.62;170.68
483;10730;BONAP;Speedy Express;Buchanan;Francia;20.12;0.21;4.23;24.35
484;10731;CHOPS;Speedy Express;King;Suiza;96.65;0.21;20.3;116.95
485;10732;BONAP;Speedy Express;Leverling;Francia;16.97;0.21;3.56;20.529999999999998
486;10733;BERGS;Federal Shipping;Davolio;Suecia;110.11;0.21;23.12;133.23
487;10734;GOURL;Federal Shipping;Fuller;Brasil;1.63;0.21;0.34;1.97
488;10735;LETSS;United Package;Suyama;Estados Unidos;45.97;0.21;9.65;55.62
489;10736;HUNGO;United Package;Dodsworth;Irlanda;44.1;0.21;9.26;53.36
490;10737;VINET;United Package;Fuller;Francia;7.79;0.21;1.64;9.43
491;10738;SPECD;Speedy Express;Fuller;Francia;2.91;0.21;0.61;3.52
492;10739;VINET;Federal Shipping;Leverling;Francia;11.08;0.21;2.33;13.41
493;10740;WHITC;United Package;Peacock;Estados Unidos;81.88;0.21;17.19;99.07
494;10741;BERGS;Federal Shipping;Peacock;Suecia;10.96;0.21;2.3;13.260000000000002
495;10742;BOTTM;Federal Shipping;Leverling;Canada;243.73;0.21;51.18;294.90999999999997
496;10743;AROUT;United Package;Davolio;Reino Unido;23.72;0.21;4.98;28.7
497;10744;VAFFE;Speedy Express;Suyama;Dinamarca;69.19;0.21;14.53;83.72
498;10745;QUICK;Speedy Express;Dodsworth;Alemania;3.52;0.21;0.74;4.26
499;10746;CHOPS;Federal Shipping;Davolio;Suiza;31.43;0.21;6.6;38.03
500;10747;PICCO;Speedy Express;Suyama;Austria;117.33;0.21;24.64;141.97
501;10748;SAVEA;Speedy Express;Leverling;Estados Unidos;232.55;0.21;48.84;281.39
502;10749;ISLAT;United Package;Peacock;Reino Unido;61.53;0.21;12.92;74.45
503;10750;WARTH;Speedy Express;Dodsworth;Finlandia;79.3;0.21;16.65;95.94999999999999
504;10751;RICSU;Federal Shipping;Leverling;Suiza;130.79;0.21;27.47;158.26
505;10752;NORTS;Federal Shipping;Fuller;Reino Unido;1.39;0.21;0.29;1.68
506;10753;FRANS;Speedy Express;Leverling;Italia;7.7;0.21;1.62;9.32
507;10754;MAGAA;Federal Shipping;Suyama;Italia;2.38;0.21;0.5;2.88
508;10755;BONAP;United Package;Peacock;Francia;16.71;0.21;3.51;20.22
509;10756;SPLIR;United Package;Callahan;Estados Unidos;73.21;0.21;15.37;88.58
510;10757;SAVEA;Speedy Express;Suyama;Estados Unidos;8.19;0.21;1.72;9.91
511;10758;RICSU;Federal Shipping;Leverling;Suiza;138.17;0.21;29.02;167.19
512;10759;ANATR;Federal Shipping;Leverling;Mexico;11.99;0.21;2.52;14.51
513;10760;MAISD;Speedy Express;Peacock;Belgica;155.64;0.21;32.68;188.32
514;10761;RATTC;United Package;Buchanan;Estados Unidos;18.66;0.21;3.92;22.58
515;10762;FOLKO;Speedy Express;Leverling;Suecia;328.74;0.21;69.04;397.78000000000003
516;10763;FOLIG;Federal Shipping;Leverling;Francia;37.35;0.21;7.84;45.19
517;10764;ERNSH;Federal Shipping;Suyama;Austria;145.45;0.21;30.54;175.98999999999998
518;10765;QUICK;Federal Shipping;Leverling;Alemania;42.74;0.21;8.98;51.72
519;10766;OTTIK;Speedy Express;Peacock;Alemania;157.55;0.21;33.09;190.64000000000001
520;10767;SUPRD;Federal Shipping;Peacock;Belgica;1.59;0.21;0.33;1.9200000000000002
521;10768;AROUT;United Package;Leverling;Reino Unido;146.32;0.21;30.73;177.04999999999998
522;10769;VAFFE;Speedy Express;Leverling;Dinamarca;65.06;0.21;13.66;78.72
523;10770;HANAR;Federal Shipping;Callahan;Brasil;5.32;0.21;1.12;6.44
524;10771;ERNSH;United Package;Dodsworth;Austria;11.19;0.21;2.35;13.54
525;10772;LEHMS;United Package;Leverling;Alemania;91.28;0.21;19.17;110.45
526;10773;ERNSH;Federal Shipping;Davolio;Austria;96.43;0.21;20.25;116.68
527;10774;FOLKO;Speedy Express;Peacock;Suecia;48.2;0.21;10.12;58.32
528;10775;THECR;Speedy Express;King;Estados Unidos;20.25;0.21;4.25;24.5
529;10776;ERNSH;Federal Shipping;Davolio;Austria;351.53;0.21;73.82;425.34999999999997
530;10777;GOURL;United Package;King;Brasil;3.01;0.21;0.63;3.6399999999999997
531;10778;BERGS;Speedy Express;Leverling;Suecia;6.79;0.21;1.43;8.22
532;10779;MORGK;United Package;Leverling;Alemania;58.13;0.21;12.21;70.34
533;10780;LILAS;Speedy Express;Fuller;Venezuela;42.13;0.21;8.85;50.980000000000004
534;10781;WARTH;Federal Shipping;Fuller;Finlandia;73.16;0.21;15.36;88.52
535;10782;CACTU;Federal Shipping;Dodsworth;Argentina;1.1;0.21;0.23;1.33
536;10783;HANAR;United Package;Peacock;Brasil;124.98;0.21;26.25;151.23000000000002
537;10784;MAGAA;Federal Shipping;Peacock;Italia;70.09;0.21;14.72;84.81
538;10785;GROSR;Federal Shipping;Davolio;Venezuela;1.51;0.21;0.32;1.83
539;10786;QUEEN;Speedy Express;Callahan;Brasil;110.87;0.21;23.28;134.15
540;10787;LAMAI;Speedy Express;Fuller;Francia;249.93;0.21;52.49;302.42
541;10788;QUICK;United Package;Davolio;Alemania;42.7;0.21;8.97;51.67
542;10789;FOLIG;United Package;Davolio;Francia;100.6;0.21;21.13;121.72999999999999
543;10790;GOURL;Speedy Express;Suyama;Brasil;28.23;0.21;5.93;34.16
544;10791;FRANK;United Package;Suyama;Alemania;16.85;0.21;3.54;20.39
545;10792;WOLZA;Federal Shipping;Davolio;Polonia;23.79;0.21;5.0;28.79
546;10793;AROUT;Federal Shipping;Leverling;Reino Unido;4.52;0.21;0.95;5.47
547;10794;QUEDE;Speedy Express;Suyama;Brasil;21.49;0.21;4.51;26.0
548;10795;ERNSH;United Package;Callahan;Austria;126.66;0.21;26.6;153.26
549;10796;HILAA;Speedy Express;Leverling;Venezuela;26.52;0.21;5.57;32.09
550;10797;DRACD;United Package;King;Alemania;33.35;0.21;7.0;40.35
551;10798;ISLAT;Speedy Express;Fuller;Reino Unido;2.33;0.21;0.49;2.8200000000000003
552;10799;KOENE;Federal Shipping;Dodsworth;Alemania;30.76;0.21;6.46;37.22
553;10800;SEVES;Federal Shipping;Davolio;Reino Unido;137.44;0.21;28.86;166.3
554;10801;BOLID;United Package;Peacock;Espanya;97.09;0.21;20.39;117.48
555;10802;SIMOB;United Package;Peacock;Dinamarca;257.26;0.21;54.02;311.28
556;10803;WELLI;Speedy Express;Peacock;Brasil;55.23;0.21;11.6;66.83
557;10804;SEVES;United Package;Suyama;Reino Unido;27.33;0.21;5.74;33.07
558;10805;THEBI;Federal Shipping;Fuller;Estados Unidos;237.34;0.21;49.84;287.18
559;10806;VICTE;United Package;Leverling;Francia;22.11;0.21;4.64;26.75
560;10807;FRANS;Speedy Express;Peacock;Italia;1.36;0.21;0.29;1.6500000000000001
561;10808;OLDWO;Federal Shipping;Fuller;Estados Unidos;45.53;0.21;9.56;55.09
562;10809;WELLI;Speedy Express;King;Brasil;4.87;0.21;1.02;5.890000000000001
563;10810;LAUGB;Federal Shipping;Fuller;Canada;4.33;0.21;0.91;5.24
564;10811;LINOD;Speedy Express;Callahan;Venezuela;31.22;0.21;6.56;37.78
565;10812;REGGC;Speedy Express;Buchanan;Italia;59.78;0.21;12.55;72.33
566;10813;RICAR;Speedy Express;Davolio;Brasil;47.38;0.21;9.95;57.33
567;10814;VICTE;Federal Shipping;Leverling;Francia;130.94;0.21;27.5;158.44
568;10815;SAVEA;Federal Shipping;Fuller;Estados Unidos;14.62;0.21;3.07;17.689999999999998
569;10816;GREAL;United Package;Peacock;Estados Unidos;719.78;0.21;151.15;870.93
570;10817;KOENE;United Package;Leverling;Alemania;306.07;0.21;64.27;370.34
571;10818;MAGAA;Federal Shipping;King;Italia;65.48;0.21;13.75;79.23
572;10819;CACTU;Federal Shipping;Fuller;Argentina;19.76;0.21;4.15;23.910000000000004
573;10820;RATTC;United Package;Leverling;Estados Unidos;37.52;0.21;7.88;45.400000000000006
574;10821;SPLIR;Speedy Express;Davolio;Estados Unidos;36.68;0.21;7.7;44.38
575;10822;TRAIH;Federal Shipping;Suyama;Estados Unidos;7.0;0.21;1.47;8.47
576;10823;LILAS;United Package;Buchanan;Venezuela;163.97;0.21;34.43;198.4
577;10824;FOLKO;Speedy Express;Callahan;Suecia;1.23;0.21;0.26;1.49
578;10825;DRACD;Speedy Express;Davolio;Alemania;79.25;0.21;16.64;95.89
579;10826;BLONP;Speedy Express;Suyama;Francia;7.09;0.21;1.49;8.58
580;10827;BONAP;United Package;Davolio;Francia;63.54;0.21;13.34;76.88
581;10828;RANCH;Speedy Express;Dodsworth;Argentina;90.85;0.21;19.08;109.92999999999999
582;10829;ISLAT;Speedy Express;Dodsworth;Reino Unido;154.72;0.21;32.49;187.21
583;10830;TRADH;United Package;Peacock;Brasil;81.83;0.21;17.18;99.00999999999999
584;10831;SANTG;United Package;Leverling;Noruega;72.19;0.21;15.16;87.35
585;10832;LAMAI;United Package;Fuller;Francia;43.26;0.21;9.08;52.339999999999996
586;10833;OTTIK;United Package;Suyama;Alemania;71.49;0.21;15.01;86.5
587;10834;TRADH;Federal Shipping;Davolio;Brasil;29.78;0.21;6.25;36.03
588;10835;ALFKI;Federal Shipping;Davolio;Alemania;69.53;0.21;14.6;84.13
589;10836;ERNSH;Speedy Express;King;Austria;411.88;0.21;86.49;498.37
590;10837;BERGS;Federal Shipping;Dodsworth;Suecia;13.32;0.21;2.8;16.12
591;10838;LINOD;Federal Shipping;Leverling;Venezuela;59.28;0.21;12.45;71.73
592;10839;TRADH;Federal Shipping;Leverling;Brasil;35.43;0.21;7.44;42.87
593;10840;LINOD;United Package;Peacock;Venezuela;2.71;0.21;0.57;3.28
594;10841;SUPRD;United Package;Buchanan;Belgica;424.3;0.21;89.1;513.4
595;10842;TORTU;Federal Shipping;Davolio;Mexico;54.42;0.21;11.43;65.85
596;10843;VICTE;United Package;Peacock;Francia;9.26;0.21;1.94;11.2
597;10844;PICCO;United Package;Callahan;Austria;25.22;0.21;5.3;30.52
598;10845;QUICK;Speedy Express;Callahan;Alemania;212.98;0.21;44.73;257.71
599;10846;SUPRD;Federal Shipping;Fuller;Belgica;56.46;0.21;11.86;68.32
600;10847;SAVEA;Federal Shipping;Peacock;Estados Unidos;487.57;0.21;102.39;589.96
601;10848;CONSH;United Package;King;Reino Unido;38.24;0.21;8.03;46.27
602;10849;KOENE;United Package;Dodsworth;Alemania;0.56;0.21;0.12;0.68
603;10850;VICTE;Speedy Express;Davolio;Francia;49.19;0.21;10.33;59.519999999999996
604;10851;RICAR;Speedy Express;Buchanan;Brasil;160.55;0.21;33.72;194.27
605;10852;RATTC;Speedy Express;Callahan;Estados Unidos;174.05;0.21;36.55;210.60000000000002
606;10853;BLAUS;United Package;Dodsworth;Alemania;53.83;0.21;11.3;65.13
607;10854;ERNSH;United Package;Leverling;Austria;100.22;0.21;21.05;121.27
608;10855;OLDWO;Speedy Express;Leverling;Estados Unidos;170.97;0.21;35.9;206.87
609;10856;ANTON;United Package;Leverling;Mexico;58.43;0.21;12.27;70.7
610;10857;BERGS;United Package;Callahan;Suecia;188.85;0.21;39.66;228.51
611;10858;LACOR;Speedy Express;Fuller;Francia;52.51;0.21;11.03;63.54
612;10859;FRANK;United Package;Davolio;Alemania;76.1;0.21;15.98;92.08
613;10860;FRANR;Federal Shipping;Leverling;Francia;19.26;0.21;4.04;23.3
614;10861;WHITC;United Package;Peacock;Estados Unidos;14.93;0.21;3.14;18.07
615;10862;LEHMS;United Package;Callahan;Alemania;53.23;0.21;11.18;64.41
616;10863;HILAA;United Package;Peacock;Venezuela;30.26;0.21;6.35;36.61
617;10864;AROUT;United Package;Peacock;Reino Unido;3.04;0.21;0.64;3.68
618;10865;QUICK;Speedy Express;Fuller;Alemania;348.14;0.21;73.11;421.25
619;10866;BERGS;Speedy Express;Buchanan;Suecia;109.11;0.21;22.91;132.02
620;10867;LONEP;Speedy Express;Suyama;Estados Unidos;1.93;0.21;0.41;2.34
621;10868;QUEEN;United Package;King;Brasil;191.27;0.21;40.17;231.44
622;10869;SEVES;Speedy Express;Buchanan;Reino Unido;143.28;0.21;30.09;173.37
623;10870;WHITC;Federal Shipping;Buchanan;Estados Unidos;12.04;0.21;2.53;14.569999999999999
624;10871;BONAP;United Package;Dodsworth;Francia;112.27;0.21;23.58;135.85
625;10872;GODOS;United Package;Buchanan;Espanya;175.32;0.21;36.82;212.14
626;10873;WILMK;Speedy Express;Peacock;Finlandia;0.82;0.21;0.17;0.99
627;10874;GODOS;United Package;Buchanan;Espanya;19.58;0.21;4.11;23.689999999999998
628;10875;BERGS;United Package;Peacock;Suecia;32.37;0.21;6.8;39.169999999999995
629;10876;BONAP;Federal Shipping;King;Francia;60.42;0.21;12.69;73.11
630;10877;RICAR;Speedy Express;Davolio;Brasil;38.06;0.21;7.99;46.050000000000004
631;10878;QUICK;Speedy Express;Peacock;Alemania;46.69;0.21;9.8;56.489999999999995
632;10879;WILMK;Federal Shipping;Leverling;Finlandia;8.5;0.21;1.78;10.28
633;10880;FOLKO;Speedy Express;King;Suecia;88.01;0.21;18.48;106.49000000000001
634;10881;CACTU;Speedy Express;Peacock;Argentina;2.84;0.21;0.6;3.44
635;10882;SAVEA;Federal Shipping;Peacock;Estados Unidos;23.1;0.21;4.85;27.950000000000003
636;10883;LONEP;Federal Shipping;Callahan;Estados Unidos;0.53;0.21;0.11;0.64
637;10884;LETSS;United Package;Peacock;Estados Unidos;90.97;0.21;19.1;110.07
638;10885;SUPRD;Federal Shipping;Suyama;Belgica;5.64;0.21;1.18;6.819999999999999
639;10886;HANAR;Speedy Express;Davolio;Brasil;4.99;0.21;1.05;6.04
640;10887;GALED;Federal Shipping;Callahan;Espanya;1.25;0.21;0.26;1.51
641;10888;GODOS;United Package;Davolio;Espanya;51.87;0.21;10.89;62.76
642;10889;RATTC;Federal Shipping;Dodsworth;Estados Unidos;280.61;0.21;58.93;339.54
643;10890;DUMON;Speedy Express;King;Francia;32.76;0.21;6.88;39.64
644;10891;LEHMS;United Package;King;Alemania;20.37;0.21;4.28;24.650000000000002
645;10892;MAISD;United Package;Peacock;Belgica;120.27;0.21;25.26;145.53
646;10893;KOENE;United Package;Dodsworth;Alemania;77.78;0.21;16.33;94.11
647;10894;SAVEA;Speedy Express;Davolio;Estados Unidos;116.13;0.21;24.39;140.51999999999998
648;10895;ERNSH;Speedy Express;Leverling;Austria;162.75;0.21;34.18;196.93
649;10896;MAISD;Federal Shipping;King;Belgica;32.45;0.21;6.81;39.260000000000005
650;10897;HUNGO;United Package;Leverling;Irlanda;603.54;0.21;126.74;730.28
651;10898;OCEAN;United Package;Peacock;Argentina;1.27;0.21;0.27;1.54
652;10899;LILAS;Federal Shipping;Buchanan;Venezuela;1.21;0.21;0.25;1.46
653;10900;WELLI;United Package;Davolio;Brasil;1.66;0.21;0.35;2.01
654;10901;HILAA;Speedy Express;Peacock;Venezuela;62.09;0.21;13.04;75.13
655;10902;FOLKO;Speedy Express;Davolio;Suecia;44.15;0.21;9.27;53.42
656;10903;HANAR;Federal Shipping;Leverling;Brasil;36.71;0.21;7.71;44.42
657;10904;WHITC;Federal Shipping;Leverling;Estados Unidos;162.95;0.21;34.22;197.17
658;10905;WELLI;United Package;Dodsworth;Brasil;13.72;0.21;2.88;16.6
659;10906;WOLZA;Federal Shipping;Peacock;Polonia;26.29;0.21;5.52;31.81
660;10907;SPECD;Federal Shipping;Suyama;Francia;9.19;0.21;1.93;11.12
661;10908;REGGC;United Package;Peacock;Italia;32.96;0.21;6.92;39.88
662;10909;SANTG;United Package;Davolio;Noruega;53.05;0.21;11.14;64.19
663;10910;WILMK;Federal Shipping;Davolio;Finlandia;38.11;0.21;8.0;46.11
664;10911;GODOS;Speedy Express;Leverling;Espanya;38.19;0.21;8.02;46.209999999999994
665;10912;HUNGO;United Package;Fuller;Irlanda;580.91;0.21;121.99;702.9
666;10913;QUEEN;Speedy Express;Peacock;Brasil;33.05;0.21;6.94;39.989999999999995
667;10914;QUEEN;Speedy Express;Suyama;Brasil;21.19;0.21;4.45;25.64
668;10915;TORTU;United Package;Fuller;Mexico;3.51;0.21;0.74;4.25
669;10916;RANCH;United Package;Davolio;Argentina;63.77;0.21;13.39;77.16
670;10917;ROMEY;United Package;Peacock;Espanya;8.29;0.21;1.74;10.03
671;10918;BOTTM;Federal Shipping;Leverling;Canada;48.83;0.21;10.25;59.08
672;10919;LINOD;United Package;Fuller;Venezuela;19.8;0.21;4.16;23.96
673;10920;AROUT;United Package;Peacock;Reino Unido;29.61;0.21;6.22;35.83
674;10921;VAFFE;Speedy Express;Davolio;Dinamarca;176.48;0.21;37.06;213.54
675;10922;HANAR;Federal Shipping;Buchanan;Brasil;62.74;0.21;13.18;75.92
676;10923;LAMAI;Federal Shipping;King;Francia;68.26;0.21;14.33;82.59
677;10924;BERGS;United Package;Leverling;Suecia;151.52;0.21;31.82;183.34
678;10925;HANAR;Speedy Express;Leverling;Brasil;2.27;0.21;0.48;2.75
679;10926;ANATR;Federal Shipping;Peacock;Mexico;39.92;0.21;8.38;48.300000000000004
680;10927;LACOR;Speedy Express;Peacock;Francia;19.79;0.21;4.16;23.95
681;10928;GALED;Speedy Express;Davolio;Espanya;1.36;0.21;0.29;1.6500000000000001
682;10929;FRANK;Speedy Express;Suyama;Alemania;33.93;0.21;7.13;41.06
683;10930;SUPRD;Federal Shipping;Peacock;Belgica;15.55;0.21;3.27;18.82
684;10931;RICSU;United Package;Peacock;Suiza;13.6;0.21;2.86;16.46
685;10932;BONAP;Speedy Express;Callahan;Francia;134.64;0.21;28.27;162.91
686;10933;ISLAT;Federal Shipping;Suyama;Reino Unido;54.15;0.21;11.37;65.52
687;10934;LEHMS;Federal Shipping;Leverling;Alemania;32.01;0.21;6.72;38.73
688;10935;WELLI;Federal Shipping;Peacock;Brasil;47.59;0.21;9.99;57.580000000000005
689;10936;GREAL;United Package;Leverling;Estados Unidos;33.68;0.21;7.07;40.75
690;10937;CACTU;Federal Shipping;King;Argentina;31.51;0.21;6.62;38.13
691;10938;QUICK;United Package;Leverling;Alemania;31.89;0.21;6.7;38.59
692;10939;MAGAA;United Package;Fuller;Italia;76.33;0.21;16.03;92.36
693;10940;BONAP;Federal Shipping;Callahan;Francia;19.77;0.21;4.15;23.92
694;10941;SAVEA;United Package;King;Estados Unidos;400.81;0.21;84.17;484.98
695;10942;REGGC;Federal Shipping;Dodsworth;Italia;17.95;0.21;3.77;21.72
696;10943;BSBEV;United Package;Peacock;Reino Unido;2.17;0.21;0.46;2.63
697;10944;BOTTM;Federal Shipping;Suyama;Canada;52.92;0.21;11.11;64.03
698;10945;MORGK;Speedy Express;Peacock;Alemania;10.22;0.21;2.15;12.370000000000001
699;10946;VAFFE;United Package;Davolio;Dinamarca;27.2;0.21;5.71;32.91
700;10947;BSBEV;United Package;Leverling;Reino Unido;3.26;0.21;0.68;3.94
701;10948;GODOS;Federal Shipping;Leverling;Espanya;23.39;0.21;4.91;28.3
702;10949;BOTTM;Federal Shipping;Fuller;Canada;74.44;0.21;15.63;90.07
703;10950;MAGAA;United Package;Davolio;Italia;2.5;0.21;0.52;3.02
704;10951;RICSU;United Package;Dodsworth;Suiza;30.85;0.21;6.48;37.33
705;10952;ALFKI;Speedy Express;Davolio;Alemania;40.42;0.21;8.49;48.910000000000004
706;10953;AROUT;United Package;Dodsworth;Reino Unido;23.72;0.21;4.98;28.7
707;10954;LINOD;Speedy Express;Buchanan;Venezuela;27.91;0.21;5.86;33.77
708;10955;FOLKO;United Package;Callahan;Suecia;3.26;0.21;0.68;3.94
709;10956;BLAUS;United Package;Suyama;Alemania;44.65;0.21;9.38;54.03
710;10957;HILAA;Federal Shipping;Callahan;Venezuela;105.36;0.21;22.13;127.49
711;10958;OCEAN;United Package;King;Argentina;49.56;0.21;10.41;59.97
712;10959;GOURL;United Package;Suyama;Brasil;4.98;0.21;1.05;6.03
713;10960;HILAA;Speedy Express;Leverling;Venezuela;2.08;0.21;0.44;2.52
714;10961;QUEEN;Speedy Express;Callahan;Brasil;104.47;0.21;21.94;126.41
715;10962;QUICK;United Package;Callahan;Alemania;275.79;0.21;57.92;333.71000000000004
716;10963;FURIB;Federal Shipping;Dodsworth;Portugal;2.7;0.21;0.57;3.27
717;10964;SPECD;United Package;Leverling;Francia;87.38;0.21;18.35;105.72999999999999
718;10965;OLDWO;Federal Shipping;Suyama;Estados Unidos;144.38;0.21;30.32;174.7
719;10966;CHOPS;Speedy Express;Peacock;Suiza;27.19;0.21;5.71;32.9
720;10967;TOMSP;United Package;Fuller;Alemania;62.22;0.21;13.07;75.28999999999999
721;10968;ERNSH;Federal Shipping;Davolio;Austria;74.6;0.21;15.67;90.27
722;10969;COMMI;United Package;Davolio;Brasil;0.21;0.21;0.04;0.25
723;10970;BOLID;Speedy Express;Dodsworth;Espanya;16.16;0.21;3.39;19.55
724;10971;FRANR;United Package;Fuller;Francia;121.82;0.21;25.58;147.39999999999998
725;10972;LACOR;United Package;Peacock;Francia;0.02;0.21;0.0;0.02
726;10973;LACOR;United Package;Suyama;Francia;15.17;0.21;3.19;18.36
727;10974;SPLIR;Federal Shipping;Leverling;Estados Unidos;12.96;0.21;2.72;15.680000000000001
728;10975;BOTTM;Federal Shipping;Davolio;Canada;32.27;0.21;6.78;39.050000000000004
729;10976;HILAA;Speedy Express;Davolio;Venezuela;37.97;0.21;7.97;45.94
730;10977;FOLKO;Federal Shipping;Callahan;Suecia;208.5;0.21;43.78;252.28
731;10978;MAISD;United Package;Dodsworth;Belgica;32.82;0.21;6.89;39.71
732;10979;ERNSH;United Package;Callahan;Austria;353.07;0.21;74.14;427.21
733;10980;FOLKO;Speedy Express;Peacock;Suecia;1.26;0.21;0.26;1.52
734;10981;HANAR;United Package;Davolio;Brasil;193.37;0.21;40.61;233.98000000000002
735;10982;BOTTM;Speedy Express;Fuller;Canada;14.01;0.21;2.94;16.95
736;10983;SAVEA;United Package;Fuller;Estados Unidos;657.54;0.21;138.08;795.62
737;10984;SAVEA;Federal Shipping;Davolio;Estados Unidos;211.22;0.21;44.36;255.57999999999998
738;10985;HUNGO;Speedy Express;Fuller;Irlanda;91.51;0.21;19.22;110.73
739;10986;OCEAN;United Package;Callahan;Argentina;217.86;0.21;45.75;263.61
740;10987;EASTC;Speedy Express;Callahan;Reino Unido;185.48;0.21;38.95;224.43
741;10988;RATTC;United Package;Leverling;Estados Unidos;61.14;0.21;12.84;73.98
742;10989;QUEDE;Speedy Express;Fuller;Brasil;34.76;0.21;7.3;42.059999999999995
743;10990;ERNSH;Federal Shipping;Fuller;Austria;117.61;0.21;24.7;142.31
744;10991;QUICK;Speedy Express;Davolio;Alemania;38.51;0.21;8.09;46.599999999999994
745;10992;THEBI;Federal Shipping;Davolio;Estados Unidos;4.27;0.21;0.9;5.17
746;10993;FOLKO;Federal Shipping;King;Suecia;8.81;0.21;1.85;10.66
747;10994;VAFFE;Federal Shipping;Fuller;Dinamarca;65.53;0.21;13.76;79.29
748;10995;PERIC;Federal Shipping;Davolio;Mexico;46.0;0.21;9.66;55.66
749;10996;QUICK;United Package;Peacock;Alemania;1.12;0.21;0.24;1.36
750;10997;LILAS;United Package;Callahan;Venezuela;73.91;0.21;15.52;89.42999999999999
751;10998;WOLZA;United Package;Callahan;Polonia;20.31;0.21;4.27;24.58
752;10999;OTTIK;United Package;Suyama;Alemania;96.35;0.21;20.23;116.58
753;11000;RATTC;Federal Shipping;Fuller;Estados Unidos;55.12;0.21;11.58;66.7
754;11001;FOLKO;United Package;Fuller;Suecia;197.3;0.21;41.43;238.73000000000002
755;11002;SAVEA;Speedy Express;Peacock;Estados Unidos;141.16;0.21;29.64;170.8
756;11003;THECR;Federal Shipping;Leverling;Estados Unidos;14.91;0.21;3.13;18.04
757;11004;MAISD;Speedy Express;Leverling;Belgica;44.84;0.21;9.42;54.260000000000005
758;11005;WILMK;Speedy Express;Fuller;Finlandia;0.75;0.21;0.16;0.91
759;11006;GREAL;United Package;Leverling;Estados Unidos;25.19;0.21;5.29;30.48
760;11007;PRINI;United Package;Callahan;Portugal;202.24;0.21;42.47;244.71
761;11008;ERNSH;Federal Shipping;King;Austria;79.46;0.21;16.69;96.14999999999999
762;11009;GODOS;Speedy Express;Fuller;Espanya;59.11;0.21;12.41;71.52
763;11010;REGGC;United Package;Fuller;Italia;28.71;0.21;6.03;34.74
764;11011;ALFKI;Speedy Express;Leverling;Alemania;1.21;0.21;0.25;1.46
765;11012;FRANK;Federal Shipping;Davolio;Alemania;242.95;0.21;51.02;293.96999999999997
766;11013;ROMEY;Speedy Express;Fuller;Espanya;32.99;0.21;6.93;39.92
767;11014;LINOD;Federal Shipping;Fuller;Venezuela;23.6;0.21;4.96;28.560000000000002
768;11015;SANTG;United Package;Fuller;Noruega;4.62;0.21;0.97;5.59
769;11016;AROUT;United Package;Dodsworth;Reino Unido;33.8;0.21;7.1;40.9
770;11017;ERNSH;United Package;Dodsworth;Austria;754.26;0.21;158.39;912.65
771;11018;LONEP;United Package;Peacock;Estados Unidos;11.65;0.21;2.45;14.100000000000001
772;11019;RANCH;Federal Shipping;Suyama;Argentina;3.17;0.21;0.67;3.84
773;11020;OTTIK;United Package;Fuller;Alemania;43.3;0.21;9.09;52.39
774;11021;QUICK;Speedy Express;Leverling;Alemania;297.18;0.21;62.41;359.59000000000003
775;11022;HANAR;United Package;Dodsworth;Brasil;6.27;0.21;1.32;7.59
776;11023;BSBEV;United Package;Davolio;Reino Unido;123.83;0.21;26.0;149.82999999999998
777;11024;EASTC;Speedy Express;Peacock;Reino Unido;74.36;0.21;15.62;89.98
778;11025;WARTH;Federal Shipping;Suyama;Finlandia;29.17;0.21;6.13;35.300000000000004
779;11026;FRANS;Speedy Express;Peacock;Italia;47.09;0.21;9.89;56.980000000000004
780;11027;BOTTM;Speedy Express;Davolio;Canada;52.52;0.21;11.03;63.550000000000004
781;11028;KOENE;Speedy Express;Fuller;Alemania;29.59;0.21;6.21;35.8
782;11029;CHOPS;Speedy Express;Peacock;Suiza;47.84;0.21;10.05;57.89
783;11030;SAVEA;United Package;King;Estados Unidos;830.75;0.21;174.46;1005.21
784;11031;SAVEA;United Package;Suyama;Estados Unidos;227.22;0.21;47.72;274.94
785;11032;WHITC;Federal Shipping;Fuller;Estados Unidos;606.19;0.21;127.3;733.49
786;11033;RICSU;Federal Shipping;King;Suiza;84.74;0.21;17.8;102.53999999999999
787;11034;OLDWO;Speedy Express;Callahan;Estados Unidos;40.32;0.21;8.47;48.79
788;11035;SUPRD;United Package;Fuller;Belgica;0.17;0.21;0.04;0.21000000000000002
789;11036;DRACD;Federal Shipping;Callahan;Alemania;149.47;0.21;31.39;180.86
790;11037;GODOS;Speedy Express;King;Espanya;3.2;0.21;0.67;3.87
791;11038;SUPRD;United Package;Davolio;Belgica;29.59;0.21;6.21;35.8
792;11039;LINOD;United Package;Davolio;Venezuela;65.0;0.21;13.65;78.65
793;11040;GREAL;Federal Shipping;Peacock;Estados Unidos;18.84;0.21;3.96;22.8
794;11041;CHOPS;United Package;Leverling;Suiza;48.22;0.21;10.13;58.35
795;11042;COMMI;Speedy Express;Fuller;Brasil;29.99;0.21;6.3;36.29
796;11043;SPECD;United Package;Buchanan;Francia;8.8;0.21;1.85;10.65
797;11044;WOLZA;Speedy Express;Peacock;Polonia;8.72;0.21;1.83;10.55
798;11045;BOTTM;United Package;Suyama;Canada;70.58;0.21;14.82;85.4
799;11046;WANDK;United Package;Callahan;Alemania;71.64;0.21;15.04;86.68
800;11047;EASTC;Federal Shipping;King;Reino Unido;46.62;0.21;9.79;56.41
801;11048;BOTTM;Federal Shipping;King;Canada;24.12;0.21;5.07;29.19
802;11049;GOURL;Speedy Express;Leverling;Brasil;8.34;0.21;1.75;10.09
803;11050;FOLKO;United Package;Callahan;Suecia;59.41;0.21;12.48;71.89
804;11051;LAMAI;Federal Shipping;King;Francia;2.79;0.21;0.59;3.38
805;11052;HANAR;Speedy Express;Leverling;Brasil;67.26;0.21;14.12;81.38000000000001
806;11053;PICCO;United Package;Fuller;Austria;53.05;0.21;11.14;64.19
807;11054;CACTU;Speedy Express;Callahan;Argentina;0.33;0.21;0.07;0.4
808;11055;HILAA;United Package;King;Venezuela;120.92;0.21;25.39;146.31
809;11056;EASTC;United Package;Callahan;Reino Unido;278.96;0.21;58.58;337.53999999999996
810;11057;NORTS;Federal Shipping;Leverling;Reino Unido;4.13;0.21;0.87;5.0
811;11058;BLAUS;Federal Shipping;Dodsworth;Alemania;31.14;0.21;6.54;37.68
812;11059;RICAR;United Package;Fuller;Brasil;85.8;0.21;18.02;103.82
813;11060;FRANS;United Package;Fuller;Italia;10.98;0.21;2.31;13.290000000000001
814;11061;GREAL;Federal Shipping;Peacock;Estados Unidos;14.01;0.21;2.94;16.95
815;11062;REGGC;United Package;Peacock;Italia;29.93;0.21;6.29;36.22
816;11063;HUNGO;United Package;Leverling;Irlanda;81.73;0.21;17.16;98.89
817;11064;SAVEA;Speedy Express;Davolio;Estados Unidos;30.09;0.21;6.32;36.41
818;11065;LILAS;Speedy Express;Callahan;Venezuela;12.91;0.21;2.71;15.620000000000001
819;11066;WHITC;United Package;King;Estados Unidos;44.72;0.21;9.39;54.11
820;11067;DRACD;United Package;Davolio;Alemania;7.98;0.21;1.68;9.66
821;11068;QUEEN;United Package;Callahan;Brasil;81.75;0.21;17.17;98.92
822;11069;TORTU;United Package;Davolio;Mexico;15.67;0.21;3.29;18.96
823;11070;LEHMS;Speedy Express;Fuller;Alemania;136.0;0.21;28.56;164.56
824;11071;LILAS;Speedy Express;Davolio;Venezuela;0.93;0.21;0.2;1.1300000000000001
825;11072;ERNSH;United Package;Peacock;Austria;258.64;0.21;54.31;312.95
826;11073;PERIC;United Package;Fuller;Mexico;24.95;0.21;5.24;30.189999999999998
827;11074;SIMOB;United Package;King;Dinamarca;18.44;0.21;3.87;22.310000000000002
828;11075;RICSU;United Package;Callahan;Suiza;6.19;0.21;1.3;7.49
829;11076;BONAP;United Package;Peacock;Francia;38.28;0.21;8.04;46.32
830;11077;RATTC;United Package;Davolio;Estados Unidos;8.53;0.21;1.79;10.32
831;11078;ALFKI;Speedy Express;Davolio;Espaa;1200.0;0.21;252.0;1452.0
